,,BTC,BTC,BTC,BTC,BTC,ETH,ETH,ETH,ETH,ETH
,Date,Open,High,Low,Close,Volume,Open,High,Low,Close,Volume
0,3/17/2020,5002.578125,5371.348633,4981.90918,5225.629395,38622642935,110.406784,118.988281,110.406784,113.942749,12087490572
1,3/18/2020,5227.11377,5331.833984,5069.335938,5238.438477,37878801016,113.857643,116.021622,111.743111,114.84227,11617854009
2,3/19/2020,5245.416504,6329.73584,5236.96875,6191.192871,51000731797,114.839828,140.527725,114.732864,136.593857,16396753275
3,3/20/2020,6191.653809,6844.261719,5865.781738,6198.77832,54442976103,136.649277,150.853806,122.605659,132.737167,18960388062
4,3/21/2020,6206.521484,6378.135254,5932.823242,6185.066406,42494390880,133.101761,135.972412,127.163757,132.81871,13684083308
5,3/22/2020,6185.558105,6359.697266,5823.713867,5830.254883,40099664740,132.851135,136.151642,122.909332,123.321152,12497707224
6,3/23/2020,5831.374512,6443.93457,5785.004395,6416.314941,46491916000,123.365982,134.911606,121.867882,134.911606,14149877968
7,3/24/2020,6436.642578,6789.022949,6411.066406,6734.803711,48221910672,135.194138,141.948532,133.168777,138.761444,14609068673
8,3/25/2020,6738.716797,6892.51123,6536.92627,6681.062988,44590107888,138.914963,141.403793,134.30423,136.195892,13433092920
9,3/26/2020,6675.170898,6735.463867,6590.962891,6716.44043,35319797642,136.190674,138.830566,134.886032,138.361557,11367261176
10,3/27/2020,6719.38916,6793.836426,6466.70166,6469.79834,34585598367,138.369934,139.902695,133.937943,133.937943,11396286629
11,3/28/2020,6467.253906,6467.500977,6117.837891,6242.193848,34885225901,134.032745,134.032745,126.962189,130.986496,12162403960
12,3/29/2020,6245.624512,6250.467285,5920.085938,5922.042969,28373690931,131.015335,131.174088,125.45005,125.583733,9938133669
13,3/30/2020,5925.538574,6517.195801,5903.234375,6429.841797,37101651525,125.577896,133.911469,125.28968,132.904541,11841123306
14,3/31/2020,6430.606445,6504.515137,6374.162109,6438.644531,32786468812,132.820923,134.274139,131.652893,133.593567,11065246317
15,4/1/2020,6437.319336,6612.57373,6202.373535,6606.776367,40346426266,133.61232,135.634552,129.730942,135.634552,12456564435
16,4/2/2020,6606.776367,7088.247559,6595.918457,6793.624512,47660646124,135.732178,146.787094,135.732178,142.029144,15322861686
17,4/3/2020,6797.396484,7003.220703,6673.335938,6733.387207,38976504903,142.110458,146.899872,139.619385,142.091309,13184603402
18,4/4/2020,6738.382813,6878.953613,6696.484863,6867.527344,33185988584,142.215179,145.377304,140.121826,145.219391,11946658257
19,4/5/2020,6862.537598,6883.414063,6715.929199,6791.129395,29510409856,145.261017,146.128525,142.102081,143.546646,11280993591
20,4/6/2020,6788.049805,7271.78125,6782.889648,7271.78125,46896904615,143.608215,169.272644,143.544601,169.13588,21636382525
21,4/7/2020,7273.644043,7427.939453,7136.714355,7176.414551,44243482668,169.147446,175.204132,164.203323,165.101944,21659346091
22,4/8/2020,7179.283203,7356.223633,7153.305664,7334.098633,37563249549,165.240326,173.210266,164.493195,172.641739,17063110836
23,4/9/2020,7337.966309,7341.448242,7179.094238,7302.089355,34815139178,172.761261,172.897781,167.987122,170.807144,14901696210
24,4/10/2020,7303.81543,7303.81543,6802.475098,6865.493164,43622840992,170.829269,170.949768,154.914474,158.412445,17980944616
25,4/11/2020,6867.44043,6926.069824,6789.920898,6859.083008,31222085946,158.538986,161.167572,155.29834,158.216019,13555089447
26,4/12/2020,6858.067871,7119.947266,6811.078125,6971.091797,35759567632,158.232391,164.516953,156.320511,161.142426,15123721386
27,4/13/2020,6965.616699,6965.616699,6668.259766,6845.037598,38619308647,160.720673,160.749695,151.614487,156.279556,16465282133
28,4/14/2020,6843.281738,6958.557129,6793.821289,6842.427734,34110434052,156.355957,160.944275,155.865936,157.59639,14723156630
29,4/15/2020,6845.561523,6928.664551,6633.402832,6642.109863,32288311031,157.565643,160.711121,152.802841,153.286896,14171753737
30,4/16/2020,6640.454102,7134.450684,6555.504395,7116.804199,46783242377,153.200424,173.157272,150.359421,172.157379,22910469236
31,4/17/2020,,,,,,,,,,
32,4/18/2020,7092.291504,7269.956543,7089.24707,7257.665039,32447188386,171.618073,187.940475,171.618073,186.914001,20160323443
33,4/19/2020,7260.922363,7280.521973,7167.054688,7189.424805,31311210215,186.861984,188.098923,180.120819,181.61496,19146038381
34,4/20/2020,7186.873535,7240.290527,6835.50293,6881.958496,37747113936,181.480225,186.083542,170.321274,172.297165,21266681335
35,4/21/2020,6879.78418,6934.551758,6834.442383,6880.323242,32589741511,172.017715,175.178467,170.552841,172.737701,16458767984
36,4/22/2020,6879.44043,7145.865723,6867.781738,7117.20752,33249153866,172.670395,183.751007,171.826599,182.599579,17994666395
37,4/23/2020,7121.306152,7491.785156,7081.594727,7429.724609,43500782316,182.620178,189.088867,180.340652,185.028671,21275740032
38,4/24/2020,7434.181641,7574.195801,7434.181641,7550.900879,34636526286,185.222107,190.210388,185.222107,189.236938,16788555028
39,4/25/2020,7550.48291,7641.36377,7521.672363,7569.936035,32941541447,189.207397,196.792374,188.459534,195.515305,18260969748
40,4/26/2020,7570.13916,7700.594238,7561.407715,7679.867188,33070154491,195.413589,199.344971,194.768066,197.317535,18335367012
41,4/27/2020,7679.418945,7795.601074,7679.418945,7795.601074,36162144725,197.475723,199.552795,193.454163,197.224716,18670194595
42,4/28/2020,7796.970215,7814.527344,7730.806641,7807.058594,33187959921,197.273514,198.786545,194.849426,198.41539,18217507467
43,4/29/2020,7806.712402,8871.753906,7786.049316,8801.038086,60201052203,198.465195,218.454636,198.124512,216.968231,26397548759
44,4/30/2020,8797.669922,9440.650391,8533.255859,8658.553711,66964629541,216.909134,227.529694,206.43692,207.602051,28089191904
45,5/1/2020,8672.782227,9048.023438,8667.763672,8864.766602,44068389997,207.901733,217.628021,207.780884,214.219101,20816320834
46,5/2/2020,8869.057617,9007.1875,8811.366211,8988.59668,40134388683,214.230087,215.847534,212.878677,215.325378,18260876092
47,5/3/2020,8983.614258,9167.78125,8830.97168,8897.46875,47101785174,215.352066,219.270874,208.692368,210.933151,20469034664
48,5/4/2020,8895.745117,8956.90625,8645.024414,8912.654297,45718796276,210.890854,211.828384,199.047729,208.174011,22602446422
49,5/5/2020,8912.832031,9062.415039,8856.827148,9003.070313,43148462663,208.013,211.778625,204.031128,206.774399,19004689099
50,5/6/2020,9007.441406,9411.467773,8966.706055,9268.761719,49371886931,206.481354,211.534622,204.040878,204.055786,20343543799
51,5/7/2020,9261.895508,9992.664063,9138.322266,9951.518555,61112700562,203.912857,214.392471,202.074844,212.289413,23594744655
52,5/8/2020,9936.162109,9996.743164,9767.172852,9842.666016,51780748042,212.198242,216.327682,208.830734,212.991577,20445139356
53,5/9/2020,9840.90625,9913.863281,9580.644531,9593.896484,46566121841,213.142166,214.73912,209.071518,211.600128,18950547549
54,5/10/2020,9591.168945,9595.581055,8395.107422,8756.430664,63325279337,211.5522,211.5522,182.711166,188.599564,25211575193
55,5/11/2020,8755.535156,9033.470703,8374.323242,8601.795898,57119858802,188.632187,191.362335,180.718338,185.912842,20054601647
56,5/12/2020,8610.385742,8949.898438,8569.643555,8804.477539,42142717533,185.877335,191.601349,185.701797,189.3125,15899726284
57,5/13/2020,8805.387695,9317.878906,8805.387695,9269.987305,45558144023,189.3741,200.197327,189.127701,199.193283,17054662289
58,5/14/2020,9271.329102,9793.268555,9255.035156,9733.72168,56426907637,198.89151,204.117599,196.86882,202.949097,20150524861
59,5/15/2020,9734.291016,9755.828125,9261.398438,9328.197266,48158802327,202.955399,203.566391,193.755676,195.622665,16602342092
60,5/16/2020,9333.240234,9564.205078,9260.694336,9377.013672,36164766408,195.613388,202.771194,194.501587,200.677124,15379081645
61,5/17/2020,9374.929688,9823.001953,9349.545898,9670.739258,40084250663,200.608871,209.160934,200.102798,207.158691,15470397303
62,5/18/2020,9675.695313,9906.030273,9570.359375,9726.575195,41827139896,207.179779,215.908463,207.10907,214.525055,17411566928
63,5/19/2020,9727.063477,9836.047852,9539.624023,9729.038086,39254288955,214.604935,214.604935,210.143051,213.451111,14346192779
64,5/20/2020,9725.329102,9804.793945,9447.201172,9522.981445,36546239703,213.446243,214.716827,207.975815,210.096741,12730175511
65,5/21/2020,9522.740234,9555.242188,8869.930664,9081.761719,39326160532,210.12915,211.625183,193.346436,199.883606,13308321229
66,5/22/2020,9080.334961,9232.936523,9008.638672,9182.577148,29810773699,199.837112,208.591537,198.040863,207.169189,12041592114
67,5/23/2020,9185.0625,9302.501953,9118.108398,9209.287109,27727866812,207.194489,210.386459,205.29422,208.694397,10665476768
68,5/24/2020,9212.283203,9288.404297,8787.250977,8790.368164,32518803300,208.716064,210.595078,202.370346,202.370346,11833299572
69,5/25/2020,8786.107422,8951.005859,8719.667969,8906.93457,31288157264,201.982651,206.36145,200.667557,205.319748,10415044124
70,5/26/2020,8909.585938,8991.967773,8757.293945,8835.052734,29584186947,205.259567,205.752548,200.264282,201.902313,10159741290
71,5/27/2020,8837.380859,9203.320313,8834.157227,9181.017578,32740536902,201.893005,208.863434,201.785065,208.863434,10631034756
72,5/28/2020,9184.945313,9546.319336,9148.457031,9525.750977,34367073114,208.885437,220.276505,206.242661,219.840424,12212469604
73,5/29/2020,9528.355469,9573.666992,9379.338867,9439.124023,32896642044,219.925049,224.216873,218.238052,220.675125,12265816557
74,5/30/2020,9438.914063,9704.030273,9366.729492,9700.414063,32722975141,220.717209,243.943146,218.744461,242.345596,15027397867
75,5/31/2020,9700.105469,9700.34375,9432.296875,9461.058594,27773290299,242.351379,244.045258,230.052826,230.975708,12234904813
76,6/1/2020,9463.605469,10199.56543,9450.899414,10167.26856,35198901068,230.86026,248.236282,230.488052,246.99176,13951727936
77,6/2/2020,10162.97363,10182.34082,9460.571289,9529.803711,39137252109,246.828186,252.222,233.225296,237.219055,13782107567
78,6/3/2020,9533.760742,9682.859375,9471.84668,9656.717773,25007459262,237.395218,244.179321,235.464447,244.179321,9861760817
79,6/4/2020,9655.854492,9887.610352,9525.24707,9800.636719,25921805072,244.105286,245.92897,236.765305,244.426392,10170414304
80,6/5/2020,9800.21582,9869.237305,9663.216797,9665.533203,23509628646,244.349594,247.329498,240.682053,241.221985,9293963914
81,6/6/2020,9664.904297,9773.431641,9591.024414,9653.679688,20438419222,241.201355,245.981049,239.724533,241.93132,8114873845
82,6/7/2020,9653.00293,9768.498047,9458.150391,9758.852539,25015250846,241.908081,245.435257,236.325256,245.167252,9544883157
83,6/8/2020,9760.063477,9782.306641,9675.885742,9771.489258,21486346312,245.178574,246.644196,241.542191,246.309906,8076783299
84,6/9/2020,9774.360352,9836.369141,9664.719727,9795.700195,23717842783,246.175018,248.342438,242.338547,244.911453,8446545788
85,6/10/2020,9794.119141,9908.896484,9728.291016,9870.094727,25706567601,244.822067,248.651154,242.819748,247.444946,8792990206
86,6/11/2020,9870.078125,9938.297852,9263.069336,9321.78125,30247143440,247.548538,249.888306,229.942978,231.702667,12356528860
87,6/12/2020,9320.69043,9540.46582,9285.851563,9480.84375,22610564515,231.625458,239.354691,229.645065,237.49321,8868955009
88,6/13/2020,9480.735352,9493.211914,9396.009766,9475.277344,17564322315,237.544617,239.1931,235.889679,238.908844,7141624980
89,6/14/2020,9477.553711,9482.270508,9347.59375,9386.788086,18991732746,238.968185,239.101456,232.958191,234.1147,7439385176
90,6/15/2020,9386.035156,9504.860352,8990.175781,9450.702148,26699704768,234.058304,234.237839,221.24176,229.928909,10536099884
91,6/16/2020,9454.266602,9579.430664,9400.445313,9538.024414,21565537209,229.762299,236.394302,228.426147,234.416168,7965648016
92,6/17/2020,9533.78418,9540.422852,9327.339844,9480.254883,20177709879,234.492371,235.954056,229.341644,233.028275,7701391592
93,6/18/2020,9481.567383,9482.782227,9328.395508,9411.84082,17770083003,232.898697,234.570648,228.951431,232.101166,6713800872
94,6/19/2020,9410.293945,9440.875977,9274.295898,9288.018555,19632223107,231.954971,232.154114,226.795181,227.13829,6946372590
95,6/20/2020,9290.959961,9394.97168,9247.379883,9332.34082,17130541557,226.976364,231.44902,226.640625,229.274261,6252830566
96,6/21/2020,9330.926758,9401.107422,9300.430664,9303.629883,15324301169,229.216141,232.358948,228.492996,228.989822,5600408178
97,6/22/2020,9300.915039,9655.073242,9296.87207,9648.717773,21104009514,229.003372,243.776016,228.934738,242.533188,9079586552
98,6/23/2020,9644.076172,9670.541016,9547.24707,9629.658203,17006433272,242.537018,244.86441,239.759735,244.142151,6624530348
99,6/24/2020,9632.149414,9680.367188,9278.233398,9313.610352,18961716076,244.185928,248.508026,232.807739,235.772461,8815030025
100,6/25/2020,9314.126953,9340.161133,9095.324219,9264.813477,18616048626,235.70285,236.053406,230.2966,232.944489,7010426122
101,6/26/2020,9260.995117,9310.516602,9101.738281,9162.917969,18341465837,232.877487,233.901932,229.25946,229.668045,7187490226
102,6/27/2020,9167.824219,9207.810547,8998.216797,9045.390625,17273093144,229.631485,232.493423,220.564575,222.959793,6918380955
103,6/28/2020,9048.460938,9197.546875,8975.525391,9143.582031,14560870760,222.91449,228.598282,219.472672,225.347168,6205925718
104,6/29/2020,9140.029297,9237.573242,9041.875977,9190.854492,16460547078,225.361435,229.903214,222.25499,228.19487,6726164653
105,6/30/2020,9185.581055,9217.835938,9084.837891,9137.993164,15735797744,227.96843,229.476807,224.815186,226.315002,6094093001
106,7/1/2020,9145.985352,9309.754883,9104.735352,9228.325195,15971550355,226.134583,232.756119,224.835739,231.113419,6463737443
107,7/2/2020,9231.139648,9274.962891,9036.623047,9123.410156,16338916796,231.28891,232.396881,225.46196,229.392197,6212210566
108,7/3/2020,9124.842773,9202.344727,9058.794922,9087.303711,13078970999,229.318954,229.629318,224.913971,225.38707,5109032700
109,7/4/2020,9084.233398,9183.295898,9053.629883,9132.488281,12290528515,225.288483,230.054138,225.133316,229.074112,5228310135
110,7/5/2020,9126.09082,9162.183594,8977.015625,9073.942383,12903406143,228.976196,229.85672,224.544495,227.664597,5292172429
111,7/6/2020,9072.849609,9375.474609,9058.664063,9375.474609,17889263252,227.685013,242.132706,227.029526,241.510223,8782917553
112,7/7/2020,9349.161133,9360.617188,9201.81543,9252.277344,13839652595,240.972595,242.681854,234.218658,239.075531,6441497597
113,7/8/2020,9253.020508,9450.335938,9249.5,9428.333008,19702359883,239.159973,248.308868,238.398376,246.670013,9892586411
114,7/9/2020,9427.994141,9431.378906,9234.999023,9277.967773,18000702524,246.748291,247.291672,239.898651,243.015961,8429099199
115,7/10/2020,9273.357422,9287.47168,9118.001953,9278.807617,16860035605,242.868011,242.883789,236.73053,240.984985,7281370522
116,7/11/2020,9277.511719,9293.532227,9199.485352,9240.34668,13249910444,241.044785,241.527481,238.331238,239.458176,5643067316
117,7/12/2020,9241.054688,9319.418945,9197.450195,9276.5,14452361907,239.459641,243.311142,237.770218,242.131699,6596394718
118,7/13/2020,9277.205078,9306.405273,9224.292969,9243.614258,17519821266,242.18187,244.310516,238.232376,239.604584,7787751468
119,7/14/2020,9238.703125,9283.841797,9171.661133,9243.213867,18085038362,239.975616,242.003784,237.796188,240.211487,7357458555
120,7/15/2020,9241.897461,9275.325195,9171.933594,9192.836914,15844731575,240.143646,241.402695,237.096176,238.423523,6189328448
121,7/16/2020,9191.980469,9214.3125,9088.947266,9132.227539,15713967523,238.450912,239.006256,231.62117,233.640884,5832057567
122,7/17/2020,9131.8125,9182.253906,9089.202148,9151.392578,13944570749,233.691391,234.41507,232.10997,232.773087,5859850529
123,7/18/2020,9151.183594,9230.983398,9100.824219,9159.040039,12252601475,232.855682,236.543976,232.32489,235.48381,5397402117
124,7/19/2020,9158.005859,9201.398438,9097.632813,9185.817383,12939002784,235.458298,239.16069,233.279739,238.487518,6251377305
125,7/20/2020,9187.220703,9214.270508,9137.509766,9164.231445,13755604146,238.494873,239.576248,234.852646,236.153168,5600686192
126,7/21/2020,9162.514648,9407.262695,9149.389648,9374.887695,18069581956,236.302505,246.186264,235.680969,245.016724,6806696015
127,7/22/2020,9375.080078,9530.518555,9319.65332,9525.363281,16532254884,245.037262,262.985046,242.484344,262.190643,7702077383
128,7/23/2020,9527.141602,9610.24707,9483.003906,9581.072266,18146399002,262.388641,277.583466,261.047089,274.689056,10281309262
129,7/24/2020,9585.514648,9623.336914,9481.454102,9536.892578,16552768325,274.722687,286.192841,269.239777,279.215424,9466060358
130,7/25/2020,9539.485352,9704.556641,9530.211914,9677.113281,16610070933,279.026367,306.740997,279.026367,304.056763,10785021813
131,7/26/2020,9680.234375,10023.80762,9652.847656,9905.166992,20507998997,303.692383,316.386322,300.267822,309.643616,12003973026
132,7/27/2020,9905.217773,11298.22168,9903.969727,10990.87305,35359749590,309.657928,330.701202,309.657928,321.514099,15644257058
133,7/28/2020,11017.46387,11204.32715,10632.63184,10912.82324,28766551142,321.829742,325.905975,307.721344,316.657257,12357108065
134,7/29/2020,10912.95313,11304.39746,10856.1416,11100.46777,24617249715,316.555359,324.380798,313.109589,318.190887,10878845706
135,7/30/2020,11099.83301,11169.35645,10895.45508,11111.21387,22857247901,318.144989,338.631195,315.751099,334.586639,11827689045
136,7/31/2020,11110.21094,11415.86426,10987.05371,11323.4668,23160469766,334.633728,348.611359,329.340942,345.554657,12030600492
137,8/1/2020,11322.57031,11794.77539,11239.68262,11759.59277,26075670303,345.798615,388.847961,343.587433,385.199707,14045259477
138,8/2/2020,11758.76465,12034.14453,11018.12988,11053.61426,27410067336,385.549866,411.228302,357.143646,370.671722,18909744275
139,8/3/2020,11043.76856,11453.0791,11012.41504,11246.34863,20271713443,371.13385,396.506989,369.336334,386.295166,12834648062
140,8/4/2020,11246.20313,11385.38184,11094.14551,11205.89258,21250197042,386.156464,400.700623,382.985107,389.875488,14086704221
141,8/5/2020,11203.82324,11786.61719,11158.28516,11747.02246,24411254471,389.710815,406.303955,386.218475,401.590576,12875466638
142,8/6/2020,11749.87109,11902.33594,11598.71387,11779.77344,23400740340,401.583862,403.488678,392.600189,394.961945,11304626458
143,8/7/2020,11778.89453,11898.03809,11408.59375,11601.47266,23132312867,395.226868,398.249023,367.935516,379.512848,12751687084
144,8/8/2020,11604.55371,11800.06445,11558.43164,11754.0459,17572057837,379.551575,393.987366,377.349731,393.987366,9342060531
145,8/9/2020,11737.3252,11806.05664,11548.78418,11675.73926,17489608833,395.305237,399.737091,385.830719,391.120453,9451065592
146,8/10/2020,11662.25684,12045.14063,11662.25684,11878.11133,26114112569,391.041504,399.375946,391.041504,395.887573,11685827893
147,8/11/2020,11881.64746,11932.71094,11195.70898,11410.52539,27039782640,395.894714,398.478912,370.860626,380.384064,12792218737
148,8/12/2020,11404.59668,11748.39648,11249.60547,11584.93457,25064548486,380.063812,391.312317,367.923615,391.02417,12408772745
149,8/13/2020,11588.40527,11796.39648,11216.87207,11784.1377,27522199497,390.838104,432.904602,379.710876,428.741791,18480303526
150,8/14/2020,11772.65918,12150.99414,11685.45508,11768.87109,24237958589,428.677277,444.577759,423.345856,437.397827,15064589987
151,8/15/2020,11768.69727,11963.20313,11768.69727,11865.69824,23354924400,437.562988,441.754608,429.874603,433.354919,12416067894
152,8/16/2020,11866.68555,11934.90137,11737.18848,11892.80371,20583375490,433.350586,436.265839,415.086243,433.786621,12168816874
153,8/17/2020,11895.6582,12359.05664,11806.69629,12254.40234,28227687027,433.973755,442.734985,422.647278,429.53125,13227089410
154,8/18/2020,12251.89551,12335.70703,11954.52539,11991.2334,26043227672,429.669617,432.580292,419.674103,423.669312,11978984079
155,8/19/2020,11990.88477,12028.92383,11687.33301,11758.2832,24502851117,423.738586,427.024658,396.678345,406.463776,13137391167
156,8/20/2020,11761.5,11900.41113,11710.06348,11878.37207,20175242945,406.758911,418.734436,404.026093,416.439789,10043032427
157,8/21/2020,11878.02637,11899.25977,11564.97949,11592.48926,23762425999,416.148773,418.63797,387.441132,389.126343,11781796374
158,8/22/2020,11585.47754,11689.40723,11448.80566,11681.8252,20224191306,389.031097,396.466583,382.814636,395.835144,10131847985
159,8/23/2020,11679.69629,11713.42969,11559.9209,11664.84766,18482062658,395.562836,396.490417,385.039795,391.384491,8137303970
160,8/24/2020,11663.68945,11807.63184,11623.25,11774.5957,20681511755,391.678986,409.38858,389.314606,408.144196,10328860398
161,8/25/2020,11773.58887,11778.29981,11189.85059,11366.13477,26301509932,408.071686,408.527924,374.355377,384.001038,12428442042
162,8/26/2020,11366.89453,11530.05273,11296.99316,11488.36328,22466660958,383.977448,391.87326,378.705841,386.466125,9967343483
163,8/27/2020,11485.6084,11570.78613,11185.94141,11323.39746,23240415076,386.609863,395.349182,374.866486,382.632629,10457777652
164,8/28/2020,11325.2959,11545.61523,11316.42285,11542.5,19807127588,382.629578,397.757629,381.273834,395.874664,9120674421
165,8/29/2020,11541.05469,11585.64063,11466.29297,11506.86523,17485597759,395.687592,405.616364,393.037415,399.921478,8777703481
166,8/30/2020,11508.71387,11715.26465,11492.38184,11711.50586,19760127945,399.616699,428.663971,399.608368,428.395721,11211948040
167,8/31/2020,11713.30664,11768.87695,11598.31836,11680.82031,22285928250,428.509003,438.560333,419.770172,435.079742,12774741797
168,9/1/2020,11679.31641,12067.08106,11601.12891,11970.47852,27311555343,434.874451,487.211884,432.079193,477.05191,18862763756
169,9/2/2020,11964.82324,11964.82324,11290.79395,11414.03418,28037405299,477.007874,480.330994,424.460022,440.040497,19691854014
170,9/3/2020,11407.19141,11443.02246,10182.46484,10245.29688,31927261555,440.23999,449.532471,381.1297,385.671936,19622845896
171,9/4/2020,10230.36523,10663.91992,10207.94043,10511.81348,29965130374,384.671631,402.411743,371.636688,388.24115,16747106257
172,9/5/2020,10512.53027,10581.57129,9946.675781,10169.56738,44916565292,388.038391,394.172272,316.774353,335.260071,29880047640
173,9/6/2020,10167.2168,10353.92773,10056.88574,10280.35156,37071460174,335.334564,359.764038,319.041901,353.362274,27643678917
174,9/7/2020,10280.99805,10399.15332,9916.493164,10369.56348,33703098409,353.450256,358.211884,326.254364,352.673492,21763614732
175,9/8/2020,10369.30664,10414.77539,9945.110352,10131.5166,33430927462,353.202271,355.562866,328.816772,337.602112,17991403432
176,9/9/2020,10134.15137,10350.54297,10017.25098,10242.34766,24128292755,337.824921,359.16449,332.165009,351.110016,14547933520
177,9/10/2020,10242.33008,10503.91211,10238.13574,10363.13867,54406443211,351.429321,377.393585,351.111755,368.101898,31421134556
178,9/11/2020,10369.02832,10434.92285,10140.83691,10400.91504,45201121775,368.1185,376.630402,355.582581,374.695587,27296269329
179,9/12/2020,10409.86133,10578.83789,10292.38672,10442.1709,36750077324,374.595398,387.538452,367.842194,387.183105,13295405814
180,9/13/2020,10452.39941,10577.21484,10224.33008,10323.75586,36506852789,387.519287,388.959808,354.340179,365.570007,15005899191
181,9/14/2020,10328.73438,10800.01074,10266.00879,10680.83789,35453581940,365.699585,384.485199,357.569763,377.26886,17536695361
182,9/15/2020,10677.75488,10938.63184,10656.45996,10796.95117,32509451925,377.154022,381.508301,363.606812,364.839203,16140584321
183,9/16/2020,10797.76172,11100.12402,10704.88477,10974.90527,30769986455,364.743988,372.767426,356.682739,365.812286,16107612177
184,9/17/2020,10973.25195,11037.4209,10774.62793,10948.99023,38151810523,365.865784,393.901611,364.795135,389.019226,19899531080
185,9/18/2020,10951.82031,11034.9082,10829.65723,10944.58594,26341903912,389.337494,391.904144,376.964996,384.364532,14108357740
186,9/19/2020,10933.75293,11134.09277,10909.61816,11094.34668,22764204008,384.041656,387.076355,378.72406,385.544373,11049507684
187,9/20/2020,11095.87012,11095.87012,10814.47754,10938.27148,24699523788,385.597992,385.597992,367.09436,371.052826,12292195784
188,9/21/2020,10934.92578,10988.30469,10380.26074,10462.25977,28884999244,371.400146,375.73703,336.06897,341.786072,17398267133
189,9/22/2020,10459.62402,10568.07715,10382.72656,10538.45996,23621787804,341.723816,346.60083,336.855042,344.503174,12732578043
190,9/23/2020,10539.45703,10637.84766,10185.77441,10225.86426,22986733997,344.622498,345.63559,317.692078,320.585541,12047020995
191,9/24/2020,10227.47949,10765.79492,10215.20508,10745.54883,23017536742,320.618317,351.46463,318.418976,349.356659,13460565701
192,9/25/2020,10747.47266,10757.54883,10594.04785,10702.29004,21232549821,349.363129,357.957245,339.350311,352.161865,12254269350
193,9/26/2020,10702.23731,10778.5,10682.08203,10754.4375,18105012128,352.53125,355.960632,348.129639,354.965271,11036752997
194,9/27/2020,10752.93945,10804.73242,10643.45801,10774.42676,18016880214,354.587219,362.051361,349.094391,357.321686,11464393949
195,9/28/2020,10771.6416,10949.12305,10716.67676,10721.32715,22720365389,357.311157,366.890259,354.825134,354.9505,12102509266
196,9/29/2020,10712.46289,10858.93945,10665.34473,10848.83008,20459870042,354.974823,360.793488,351.819458,359.963409,10286529445
197,9/30/2020,10845.41113,10856.52832,10689.6709,10787.61816,20759622010,359.942352,361.210327,353.614349,360.022369,9773649426
198,10/1/2020,10785.01074,10915.84375,10493.55273,10623.33008,27178227816,360.004639,369.286987,347.197937,353.231293,12360670278
199,10/2/2020,10624.39063,10662.81348,10440.31152,10585.16406,23127839259,353.220184,354.075226,337.356934,346.532654,12946215647
200,10/3/2020,10583.80664,10614.0918,10527.97852,10565.49316,17094010304,346.502655,351.62793,344.886658,347.321594,8599594017
201,10/4/2020,10567.91992,10700.79102,10531.34277,10684.42871,17546792792,347.27243,354.253326,345.398712,353.121918,9308536486
202,10/5/2020,10688.03418,10804.00098,10646.44336,10804.00098,19385191766,353.045807,355.217896,350.197632,354.2771,9933790982
203,10/6/2020,10799.77832,10803.45606,10565.19727,10621.66406,22264958686,354.137787,355.504059,338.520233,341.021149,11497841885
204,10/7/2020,10619.80371,10687.26856,10591.96387,10679.13672,17634388529,341.091675,342.591248,335.5336,342.119781,10537119715
205,10/8/2020,10677.625,10939.79981,10569.82324,10923.62793,21962121001,342.094971,352.800385,336.497101,351.455658,11511016796
206,10/9/2020,,,,,,,,,,
207,10/10/2020,11059.14258,11442.21094,11056.94043,11296.36133,22877978588,365.402466,378.267151,365.354034,370.96759,13618484324
208,10/11/2020,11296.08203,11428.81348,11288.62793,11384.18164,19968627060,370.928436,377.246796,369.828033,375.142059,12584512533
209,10/12/2020,,,,,,,,,,
210,10/13/2020,,,,,,,,,,
211,10/14/2020,11429.04785,11539.97754,11307.83106,11429.50684,24103426719,381.971466,387.296173,374.175018,379.484039,13918846567
212,10/15/2020,11426.60254,11569.91406,11303.60352,11495.34961,24487233058,379.19223,381.208771,371.354126,377.441833,14964182545
213,10/16/2020,11502.82813,11540.06152,11223.0127,11322.12305,25635480772,377.8685,380.021515,362.597412,366.229004,14670784817
214,10/17/2020,11322.12305,11386.26172,11285.3457,11358.10156,19130430174,366.015717,369.768127,364.489014,368.855927,10951115359
215,10/18/2020,11355.98242,11483.35938,11347.57813,11483.35938,18283314340,368.727539,378.597656,368.12915,378.213684,11047103109
216,10/19/2020,11495.03809,11799.09277,11408.29004,11742.03711,23860769928,378.469635,383.317657,373.702271,379.935608,12811242092
217,10/20/2020,11745.97461,11999.91797,11681.48047,11916.33496,30915821592,379.719696,380.761017,367.601074,369.136902,13741586582
218,10/21/2020,11913.07715,13184.56641,11900.92871,12823.68945,43414712626,369.059418,400.627258,368.727966,392.189972,20241324322
219,10/22/2020,12801.63574,13161.59375,12717.09375,12965.8916,34729759598,391.488617,420.141663,391.276306,413.77298,15772846485
220,10/23/2020,12971.54883,13015.96191,12752.64746,12931.53906,28974975003,414.051331,418.95993,403.082031,409.766693,14256222052
221,10/24/2020,12931.57422,13145.06641,12885.74707,13108.0625,24542317940,409.767242,416.59967,407.851715,412.457611,12201739194
222,10/25/2020,13108.06348,13329.18359,12910.06152,13031.17383,24406920575,412.457642,417.15921,405.350647,406.217773,10890207469
223,10/26/2020,13031.20117,13225.29785,12822.38281,13075.24805,29461458313,406.217987,411.279877,383.782898,393.888306,15155684229
224,10/27/2020,13075.24219,13759.66895,13060.83789,13654.21875,33749878156,393.888184,409.772858,390.608459,403.99704,13940434102
225,10/28/2020,13654.21484,13837.69531,12932.25098,13271.28516,35867318895,403.997101,408.964752,381.146332,388.650757,15276441134
226,10/29/2020,13271.29883,13612.04785,12980.05957,13437.88281,56499499598,388.651062,393.227692,381.288757,386.730103,12920477749
227,10/30/2020,13437.87402,13651.5166,13136.19824,13546.52246,30581485201,386.730255,391.464722,375.092407,382.819977,13688056970
228,10/31/2020,13546.53223,14028.21387,13457.53027,13780.99512,30306464719,382.820038,393.010132,381.295258,386.590332,11276963426
229,11/1/2020,13780.99512,13862.0332,13628.37793,13737.10938,24453857900,386.590332,397.116119,385.165527,396.358185,10475146018
230,11/2/2020,13737.03223,13808.32324,13243.16016,13550.48926,30771455468,396.355988,403.240753,381.017639,383.156738,13997574252
231,11/3/2020,13550.45117,13984.98145,13325.44141,13950.30078,29869951617,383.156036,389.515381,371.312744,387.602173,12588494762
232,11/4/2020,13950.48828,14218.7666,13580.47168,14133.70703,35116364962,387.60321,407.665649,377.827606,402.141998,15126077675
233,11/5/2020,14133.7334,15706.4043,14102.08887,15579.84863,40856321439,402.142944,417.52594,397.245819,414.067352,15440711038
234,11/6/2020,15579.72949,15903.4375,15226.83984,15565.88086,39837841971,414.066711,456.200623,412.9823,454.719299,16738305610
235,11/7/2020,15565.88086,15737.0957,14423.20313,14833.75391,35024953706,454.722565,465.675476,428.45636,435.713135,18873289788
236,11/8/2020,14833.75391,15637.32031,14744.11035,15479.56738,26632075029,435.718811,457.780457,433.153778,453.554779,11292383601
237,11/9/2020,15479.5957,15785.13672,14865.5293,15332.31543,34149115566,453.574158,457.349609,435.163879,444.163055,13704320630
238,11/10/2020,15332.35059,15450.3291,15124.95996,15290.90234,25574938143,444.166382,453.758362,439.600128,449.679626,12090381666
239,11/11/2020,15290.90918,15916.26074,15290.00684,15701.33984,29772374934,449.679657,473.578857,449.524933,462.960541,14075403511
240,11/12/2020,15701.29883,16305.00391,15534.77148,16276.34375,34175758344,462.959534,467.677826,452.072418,461.00528,12877327234
241,11/13/2020,16276.44043,16463.17773,15992.15234,16317.80859,31599492172,461.005493,475.217255,457.298248,474.626434,13191505725
242,11/14/2020,16317.80859,16317.80859,15749.19336,16068.13867,27481710135,474.626434,475.161438,452.986084,460.149841,10312037942
243,11/15/2020,16068.13965,16123.11035,15793.53418,15955.58789,23653867583,460.149902,460.99408,440.254333,447.559082,10308617165
244,11/16/2020,15955.57715,16816.18164,15880.70606,16716.11133,31526766675,447.55899,463.831024,445.501617,459.940308,11441239444
245,11/17/2020,16685.69141,17782.91992,16564.54492,17645.40625,39006849170,464.406647,482.232208,460.776611,480.360077,14593057877
246,11/18/2020,17645.19141,18393.94922,17352.90625,17804.00586,49064800278,480.346832,491.999908,465.830963,479.48407,17880199224
247,11/19/2020,17803.86133,18119.54688,17382.55469,17817.08984,36985055355,479.481018,480.121735,465.704254,471.630432,12473929218
248,11/20/2020,17817.08398,18773.22656,17765.79492,18621.31445,36992873940,471.63147,513.610352,471.63147,509.744568,18629943296
249,11/21/2020,18621.31641,18936.62109,18444.35938,18642.23242,39650210707,509.744598,550.227417,504.237762,549.486633,20757099184
250,11/22/2020,18642.23242,18688.96875,17671.38477,18370.00195,41280434226,549.486633,579.372498,514.517212,558.068115,21967049601
251,11/23/2020,18370.01758,18711.42578,18000.79688,18364.12109,42741112308,558.059509,609.98761,551.265259,608.454041,27272302872
252,11/24/2020,18365.01563,19348.27148,18128.65625,19107.46484,51469565009,608.522766,621.173401,593.835144,603.897766,23281758100
253,11/25/2020,19104.41016,19390.96484,18581.14648,18732.12109,43710357371,603.902039,605.094177,559.671387,570.686646,20088492893
254,11/26/2020,18729.83984,18866.28516,16351.03516,17150.62305,61396835737,570.514893,575.641479,485.497314,518.801147,31104004592
255,11/27/2020,17153.91406,17445.02344,16526.42383,17108.40234,38886494645,519.108093,530.777161,497.242615,517.493713,16831105703
256,11/28/2020,17112.93359,17853.93945,16910.65234,17717.41406,32601040734,517.597351,548.044861,508.125366,538.229797,14770243833
257,11/29/2020,17719.63477,18283.62891,17559.11719,18177.48438,31133957704,538.264587,576.602417,531.987549,575.758057,15017517758
258,11/30/2020,18178.32227,19749.26367,18178.32227,19625.83594,47728480399,575.75708,615.24054,571.537781,614.842529,20276867833
259,12/1/2020,19633.76953,19845.97461,18321.92188,18802.99805,49633658712,615.070313,635.160583,571.753967,587.324158,27178964465
260,12/2/2020,18801.74414,19308.33008,18347.71875,19201.0918,37387697139,587.261597,604.022461,578.741028,598.352356,16883292129
261,12/3/2020,19205.92578,19566.19141,18925.78516,19445.39844,31930317405,598.459229,622.452698,588.346375,616.70874,16146190946
262,12/4/2020,19446.9668,19511.4043,18697.19336,18699.76563,33872388058,616.722778,618.983154,569.283508,569.354187,16337589997
263,12/5/2020,18698.38477,19160.44922,18590.19336,19154.23047,27242455064,569.347656,596.595459,563.106628,596.595459,13498010566
264,12/6/2020,19154.17969,19390.5,18897.89453,19345.12109,25293775714,596.568665,606.791931,584.411743,601.908997,11290893016
265,12/7/2020,19343.12891,19411.82813,18931.14258,19191.63086,26896357742,601.797119,602.917908,585.42865,591.843384,10720480962
266,12/8/2020,19191.5293,19283.47852,18269.94531,18321.14453,31692288756,591.900818,594.751587,552.469238,554.827759,14398919320
267,12/9/2020,18320.88477,18626.29297,17935.54688,18553.91602,34420373071,554.792908,577.288391,532.998413,573.479126,15855915840
268,12/10/2020,18553.29883,18553.29883,17957.06445,18264.99219,25547132265,573.504028,574.600159,549.784058,559.678528,11672582040
269,12/11/2020,18263.92969,18268.45313,17619.5332,18058.9043,27919640985,559.679199,560.376709,537.811646,545.797363,11098819124
270,12/12/2020,18051.32031,18919.55078,18046.04102,18803.65625,21752580802,545.578552,573.339417,545.245605,568.567322,8534557897
271,12/13/2020,18806.76563,19381.53516,18734.33203,19142.38281,25450468637,568.609863,593.78125,564.565979,589.663208,9070377862
272,12/14/2020,19144.49219,19305.09961,19012.70898,19246.64453,22473997681,589.782471,590.492981,577.118408,586.011169,8125837102
273,12/15/2020,19246.91992,19525.00781,19079.8418,19417.07617,26741982541,586.02179,596.247742,580.628784,589.355591,9326645840
274,12/16/2020,19418.81836,21458.9082,19298.31641,21310.59766,44409011479,589.378662,636.64032,582.039124,636.181824,15817248373
275,12/17/2020,21308.35156,23642.66016,21234.67578,22805.16211,71378606374,636.154175,673.834229,628.74939,642.868958,25479532147
276,12/18/2020,22806.79688,23238.60156,22399.8125,23137.96094,40387896275,642.916992,662.699097,632.356079,654.811951,15756303983
277,12/19/2020,23132.86523,24085.85547,22826.47266,23869.83203,38487546580,654.624207,668.769592,646.616211,659.297913,12830893778
278,12/20/2020,23861.76563,24209.66016,23147.71094,23477.29492,37844228422,659.185059,659.923706,625.014465,638.290833,13375855442
279,12/21/2020,23474.45508,24059.98242,22159.36719,22803.08203,45852713981,638.315186,646.846558,600.83606,609.817871,14419493621
280,12/22/2020,22794.03906,23789.90234,22430.60547,23783.0293,44171632681,609.420532,635.076599,589.552002,634.854187,14745890080
281,12/23/2020,23781.97461,24024.49023,22802.64648,23241.3457,51146161904,634.824585,637.122803,560.364258,583.7146,15261413038
282,12/24/2020,23240.20313,23768.33789,22777.59766,23735.94922,41080759713,584.13562,613.815186,568.596375,611.607178,14317413703
283,12/25/2020,23733.57031,24710.10156,23463.67383,24664.79102,42068395846,611.554565,633.061401,605.424438,626.410706,13520927700
284,12/26/2020,24677.01563,26718.07031,24522.68945,26437.03711,48332647295,626.498047,650.721436,617.4021,635.835815,14761125202
285,12/27/2020,26439.37305,28288.83984,25922.76953,26272.29492,66479895605,635.887146,711.393555,628.334961,682.642334,26093552821
286,12/28/2020,26280.82227,27389.11133,26207.64063,27084.80859,49056742893,683.205811,745.877747,683.205811,730.397339,24222565862
287,12/29/2020,27081.81055,27370.7207,25987.29883,27362.4375,45265946774,730.358704,737.952881,692.149414,731.520142,18710683199
288,12/30/2020,27360.08984,28937.74023,27360.08984,28840.95313,51287442704,731.472839,754.303223,720.988892,751.618958,17294574210
289,12/31/2020,28841.57422,29244.87695,28201.99219,29001.7207,46754964848,751.626648,754.299438,726.511902,737.803406,13926846861
290,1/1/2021,28994.00977,29600.62695,28803.58594,29374.15234,40730301359,737.708374,749.201843,719.792236,730.367554,13652004358
291,1/2/2021,29376.45508,33155.11719,29091.18164,32127.26758,67865420765,730.402649,786.798462,718.109497,774.534973,19740771179
292,1/3/2021,32129.4082,34608.55859,32052.31641,32782.02344,78665235202,774.511841,1006.565002,771.561646,975.50769,45200463368
293,1/4/2021,32810.94922,33440.21875,28722.75586,31971.91406,81163475344,977.058838,1153.189209,912.305359,1040.233032,56945985763
294,1/5/2021,31977.04102,34437.58984,30221.1875,33992.42969,67547324782,1041.498779,1129.37146,986.811279,1100.006104,41535932781
295,1/6/2021,34013.61328,36879.69922,33514.03516,36824.36328,75289433811,1101.005005,1209.428589,1064.233398,1207.112183,44699914188
296,1/7/2021,36833.875,40180.36719,36491.19141,39371.04297,84762141031,1208.078369,1282.57959,1167.443115,1225.678101,40468027280
297,1/8/2021,39381.76563,41946.73828,36838.63672,40797.60938,88107519480,1225.967896,1273.827515,1076.081543,1224.197144,44334826666
298,1/9/2021,40788.64063,41436.35156,38980.875,40254.54688,61984162837,1223.740479,1303.871826,1182.270386,1281.077271,33233105361
299,1/10/2021,40254.21875,41420.19141,35984.62891,38356.44141,79980747690,1280.871094,1347.926147,1194.715576,1262.246704,40616938053
300,1/11/2021,38346.53125,38346.53125,30549.59961,35566.65625,1.23E+11,1261.622925,1261.622925,924.922607,1090.145386,60733630300
301,1/12/2021,35516.35938,36568.52734,32697.97656,33922.96094,74773277909,1088.526733,1149.240234,1012.76416,1043.43457,37494601692
302,1/13/2021,33915.12109,37599.96094,32584.66797,37316.35938,69364315979,1043.740967,1134.338501,994.549072,1130.73938,30109792795
303,1/14/2021,37325.10938,39966.40625,36868.5625,39187.32813,63615990033,1130.231201,1244.163086,1093.060791,1218.453003,33410915929
304,1/15/2021,39156.70703,39577.71094,34659.58984,36825.36719,67760757881,1221.877197,1250.505859,1090.721069,1171.834595,35972039310
305,1/16/2021,36821.64844,37864.36719,35633.55469,36178.14063,57706187875,1171.443115,1290.053589,1157.623779,1233.537598,32319240157
306,1/17/2021,36163.64844,36722.35156,34069.32031,35791.27734,52359854336,1233.453369,1265.644653,1174.38855,1230.172241,29258032819
307,1/18/2021,35792.23828,37299.28516,34883.84375,36630.07422,49511702429,1230.313232,1259.450073,1187.311035,1257.279541,25817455560
308,1/19/2021,36642.23438,37755.89063,36069.80469,36069.80469,57244195486,1257.43457,1432.300049,1254.522949,1377.295898,47195935190
309,1/20/2021,36050.11328,36378.32813,33570.47656,35547.75,66834573161,1375.248413,1405.744141,1243.299927,1382.274048,46784030909
310,1/21/2021,35549.39844,35552.67969,30250.75,30825.69922,75643067688,1382.684448,1382.684448,1098.476196,1121.570923,45932464754
311,1/22/2021,30817.625,33811.85156,28953.37305,33005.76172,77207272511,1118.889038,1271.687622,1046.596558,1236.512207,43918338506
312,1/23/2021,32985.75781,33360.97656,31493.16016,32067.64258,48354737975,1235.267944,1272.151123,1200.893311,1230.990601,27253895441
313,1/24/2021,32064.37695,32944.00781,31106.68555,32289.37891,48643830599,1231.210571,1395.111328,1225.274048,1391.609375,36418163554
314,1/25/2021,32285.79883,34802.74219,32087.78711,32366.39258,59897054838,1390.639893,1467.784912,1304.973999,1324.414795,43565777745
315,1/26/2021,32358.61328,32794.55078,31030.26563,32569.84961,60255421470,1323.741699,1376.085083,1253.340332,1357.058105,41572917750
316,1/27/2021,32564.0293,32564.0293,29367.13867,30432.54688,62576762015,1358.333374,1368.074097,1215.311279,1253.187134,39394416990
317,1/28/2021,30441.04102,31891.30078,30023.20703,31649.60547,78948162368,1251.279785,1321.613037,1226.17395,1298.101807,39790481941
318,1/29/2021,34318.67188,38406.26172,32064.81445,34316.38672,1.18E+11,1369.086792,1428.981201,1292.240112,1382.522827,53611955259
319,1/30/2021,34295.93359,34834.70703,32940.1875,34269.52344,65141828798,1382.231934,1402.39978,1328.529053,1376.115479,30616574234
320,1/31/2021,34270.87891,34288.33203,32270.17578,33114.35938,52754542671,1376.823608,1378.916016,1288.501587,1314.986206,25198853581
321,2/1/2021,33114.57813,34638.21484,32384.22852,33537.17578,61400400660,1314.855225,1373.845825,1274.357788,1369.040527,29210670920
322,2/2/2021,33533.19922,35896.88281,33489.21875,35510.28906,63088585433,1369.505127,1542.990967,1362.77124,1515.193726,45437142801
323,2/3/2021,35510.82031,37480.1875,35443.98438,37472.08984,61166818159,1514.769653,1660.909546,1510.010254,1660.909546,41874566399
324,2/4/2021,37475.10547,38592.17578,36317.5,36926.06641,68838074392,1661.170166,1689.186646,1561.853516,1594.762695,44396871836
325,2/5/2021,36931.54688,38225.90625,36658.76172,38144.30859,58598066402,1594.793335,1756.510986,1594.793335,1718.650879,40108628454
326,2/6/2021,38138.38672,40846.54688,38138.38672,39266.01172,71326033653,1717.797485,1738.314453,1649.068726,1677.846802,39873420648
327,2/7/2021,39250.19141,39621.83594,37446.15234,38903.44141,65500641143,1677.605713,1690.036621,1501.750244,1614.227783,39889440151
328,2/8/2021,38886.82813,46203.92969,38076.32422,46196.46484,1.01E+11,1613.642212,1770.59082,1571.579956,1746.616821,48012285956
329,2/9/2021,46184.99219,48003.72266,45166.96094,46481.10547,91809846886,1746.926147,1815.963623,1711.620605,1768.035034,44180727529
330,2/10/2021,46469.76172,47145.56641,43881.15234,44918.18359,87301089896,1768.039795,1826.696777,1686.542358,1744.243408,41916084617
331,2/11/2021,44898.71094,48463.46875,44187.76172,47909.33203,81388911810,1743.714233,1806.539063,1708.679199,1783.797974,36021495262
332,2/12/2021,47877.03516,48745.73438,46424.97656,47504.85156,76555041196,1783.489136,1861.356934,1744.168945,1843.532593,37905036865
333,2/13/2021,47491.20313,48047.74609,46392.28125,47105.51563,70250456155,1843.986816,1871.603516,1770.612061,1814.109863,35359490535
334,2/14/2021,47114.50781,49487.64063,47114.50781,48717.28906,71248675228,1814.372314,1848.154053,1789.914185,1805.084106,31439114900
335,2/15/2021,48696.53516,48875.57031,46347.47656,47945.05859,77069903166,1804.676758,1833.830566,1683.906616,1779.791016,38955610883
336,2/16/2021,47944.45703,50341.10156,47201.30469,49199.87109,77049582886,1778.945557,1824.518677,1729.641968,1781.067505,34269369268
337,2/17/2021,49207.27734,52533.91406,49072.37891,52149.00781,80820545404,1781.350098,1853.667603,1736.705811,1848.458252,35955412703
338,2/18/2021,52140.97266,52474.10547,51015.76563,51679.79688,52054723579,1848.206299,1949.903442,1848.206299,1937.449219,28255902969
339,2/19/2021,51675.98047,56113.65234,50937.27734,55888.13281,63495496918,1938.859863,1969.546997,1896.684448,1960.164795,26268814253
340,2/20/2021,55887.33594,57505.22656,54626.55859,56099.51953,68145460026,1959.902954,2036.286499,1830.531494,1919.534058,34696091102
341,2/21/2021,56068.56641,58330.57031,55672.60938,57539.94531,51897585191,1918.673096,1974.259644,1890.368164,1935.601074,23626547717
342,2/22/2021,57532.73828,57533.39063,48967.56641,54207.32031,92052420332,1935.557861,1936.453735,1580.626587,1781.99292,42409646036
343,2/23/2021,54204.92969,54204.92969,45290.58984,48824.42578,1.06E+11,1781.409058,1781.409058,1378.840942,1570.203979,52029864713
344,2/24/2021,48835.08594,51290.13672,47213.5,49705.33203,63695521388,1571.47644,1710.983765,1511.018921,1626.575684,31329000537
345,2/25/2021,49709.08203,51948.96875,47093.85156,47093.85156,54506565949,1625.393921,1670.224121,1465.05896,1475.703735,24481681873
346,2/26/2021,47180.46484,48370.78516,44454.84375,46339.76172,3.51E+11,1478.65332,1559.028931,1407.979248,1446.033691,31435997881
347,2/27/2021,46344.77344,48253.26953,45269.02734,46188.45313,45910946382,1446.929443,1524.932373,1433.786987,1459.973145,20742103233
348,2/28/2021,46194.01563,46716.42969,43241.61719,45137.76953,53443887451,1459.860474,1468.391479,1300.472168,1416.04895,27637026080
349,3/1/2021,45159.50391,49784.01563,45115.09375,49631.24219,53891300112,1417.151123,1567.69458,1416.416138,1564.707642,24032838645
350,3/2/2021,49612.10547,50127.51172,47228.84375,48378.98828,47530897720,1564.063477,1597.610107,1461.325439,1492.608765,22523669722
351,3/3/2021,48415.81641,52535.13672,48274.32031,50538.24219,53220811975,1491.451172,1650.360596,1481.905762,1575.853149,22674780680
352,3/4/2021,50522.30469,51735.08984,47656.92969,48561.16797,52343816680,1574.623779,1622.953857,1511.103394,1541.914307,22906118718
353,3/5/2021,48527.03125,49396.42969,46542.51563,48927.30469,48625928883,1541.541748,1547.878174,1450.891357,1533.275024,21067146937
354,3/6/2021,48899.23047,49147.21875,47257.52734,48912.38281,34363564661,1532.372803,1669.106567,1519.141113,1654.741577,22746262366
355,3/7/2021,48918.67969,51384.36719,48918.67969,51206.69141,43137459378,1655.392456,1730.924194,1636.564453,1723.153809,23809935410
356,3/8/2021,51174.11719,52314.07031,49506.05469,52246.52344,48597428048,1724.229248,1835.192139,1670.942017,1834.727905,27630991158
357,3/9/2021,52272.96875,54824.11719,51981.83203,54824.11719,50912227385,1835.148071,1868.048828,1804.266357,1868.048828,23461244507
358,3/10/2021,54824.01172,57258.25391,53290.89063,56008.55078,57295577614,1868.489014,1873.803223,1766.490479,1799.16626,25154173185
359,3/11/2021,55963.17969,58091.0625,54484.59375,57805.12109,56772343595,1798.033936,1843.818848,1734.617065,1826.194946,24013132909
360,3/12/2021,57821.21875,57996.62109,55376.64844,57332.08984,55689944702,1826.546753,1839.497314,1728.980957,1772.102417,22435821312
361,3/13/2021,57343.37109,61683.86328,56217.97266,61243.08594,60669829814,1772.166382,1937.645508,1733.639893,1924.685425,25014689475
362,3/14/2021,61221.13281,61597.91797,59302.31641,59302.31641,43901225564,1923.86377,1930.779785,1845.119995,1854.564331,19344589211
363,3/15/2021,59267.42969,60540.99219,55393.16406,55907.19922,66419369890,1854.08667,1889.196655,1749.606323,1791.702271,26244738810
364,3/16/2021,55840.78516,56833.17969,53555.02734,56804.90234,59749798599,1792.413818,1817.060181,1720.053223,1806.971802,23828509590
365,3/17/2021,56825.82813,58969.81641,54528.62891,58870.89453,60258313191,1807.056152,1839.81897,1749.179932,1823.449341,24512917348
366,3/18/2021,58893.07813,60116.25,54253.57813,57858.92188,55746041000,1823.158447,1848.646118,1705.716064,1782.855103,23263845504
367,3/19/2021,57850.44141,59498.375,56643.70313,58346.65234,49063873786,1782.568726,1841.196045,1746.473389,1817.624146,21249297710
368,3/20/2021,58332.26172,60031.28516,58213.29688,58313.64453,50361731222,1817.522705,1874.708984,1811.728638,1812.634644,22677674970
369,3/21/2021,58309.91406,58767.89844,56005.61719,57523.42188,51943414539,1812.606567,1823.353027,1764.139282,1788.217041,22977404620
370,3/22/2021,57517.89063,58471.48047,54288.15625,54529.14453,56521454974,1788.362183,1811.968262,1674.299805,1691.333984,23599296129
371,3/23/2021,54511.66016,55985.44141,53470.69531,54738.94531,56435023914,1690.871826,1725.108765,1662.539917,1678.650146,21998237965
372,3/24/2021,54710.48828,57262.38281,52514.33203,52774.26563,70567223787,1678.002563,1740.428223,1570.787964,1593.413452,31228051473
373,3/25/2021,52726.74609,53392.38672,50856.57031,51704.16016,67999812841,1593.123291,1625.911499,1560.370483,1595.359253,29650328701
374,3/26/2021,51683.01172,55137.3125,51579.85547,55137.3125,56652197978,1595.210083,1702.922852,1594.736694,1702.842041,22548516548
375,3/27/2021,55137.56641,56568.21484,54242.91016,55973.51172,47266542233,1703.036133,1732.824341,1674.319336,1716.494629,18102277710
376,3/28/2021,55974.94141,56610.3125,55071.11328,55950.74609,47686580918,1716.40564,1728.584106,1672.6604,1691.355957,16599472938
377,3/29/2021,55947.89844,58342.09766,55139.33984,57750.19922,57625587027,1691.263184,1837.187988,1683.716553,1819.684937,22796570548
378,3/30/2021,57750.13281,59447.22266,57251.55078,58917.69141,54414116432,1819.466309,1860.974731,1793.922363,1846.033691,22512781703
379,3/31/2021,58930.27734,59930.02734,57726.41797,58918.83203,65520826225,1846.098267,1947.837769,1793.002197,1918.362061,30226902621
380,4/1/2021,58926.5625,59586.07031,58505.27734,59095.80859,61669163792,1919.157227,1989.055054,1912.178467,1977.276855,30914259795
381,4/2/2021,59098.87891,60267.1875,58869.28125,59384.3125,58727860620,1976.932739,2152.451904,1960.678711,2143.225586,34862511022
382,4/3/2021,59397.41016,60110.26953,57603.89063,57603.89063,59641344484,2142.895996,2144.962402,2028.422485,2028.422485,32011518871
383,4/4/2021,57604.83984,58913.74609,57168.67578,58758.55469,50749662970,2027.671265,2110.353516,2007.111816,2093.122803,26006501902
384,4/5/2021,58760.875,59891.29688,57694.82422,59057.87891,60706272115,2093.260742,2140.985352,2032.387695,2107.887207,28889391170
385,4/6/2021,59171.93359,59479.57813,57646.80859,58192.35938,66058027988,2109.493164,2151.223389,2057.609131,2118.378906,29222865881
386,4/7/2021,58186.50781,58731.14453,55604.02344,56048.9375,75645303584,2117.728516,2133.1875,1945.442139,1971.077271,36116271935
387,4/8/2021,56099.91406,58338.73828,55879.08594,58323.95313,53053855641,1969.133179,2091.516357,1959.079468,2088.57373,25312956529
388,4/9/2021,58326.5625,58937.04688,57807.86328,58245.00391,46655208546,2088.772217,2102.873779,2055.16333,2072.108887,19812472092
389,4/10/2021,58253.77734,61276.66406,58038.70703,59793.23438,58238470525,2071.111572,2196.996338,2062.787598,2135.942139,24986243611
390,4/11/2021,59846.23047,60790.55469,59289.79688,60204.96484,46280252580,2136.156982,2165.191406,2119.865723,2157.656982,19692836132
391,4/12/2021,60175.94531,61253.03516,59589.875,59893.45313,51828688519,2157.361816,2199.71875,2110.368896,2139.353271,21727936609
392,4/13/2021,59890.01953,63742.28516,59869.95703,63503.45703,69983454362,2139.364258,2318.42334,2138.55957,2299.187744,29456642939
