,BA,BA,BA,BA,BA,DAL,DAL,DAL,DAL,DAL,MGM,MGM,MGM,MGM,MGM,WYNN,WYNN,WYNN,WYNN,WYNN
,open,high,low,close,volume,open,high,low,close,volume,open,high,low,close,volume,open,high,low,close,volume
time,,,,,,,,,,,,,,,,,,,,
2020-03-17 00:00:00-04:00,132.51,134.96,101.25,124.03,52088741,36.23,37.19,30.6,31.74,31674028,10.92,11.01,9.0,9.54,29102992,56.71,58.0,48.01,54.34,8532019
2020-03-18 00:00:00-04:00,99.86,107.85,89.0,101.89,52497232,29.79,29.79,19.1,23.485,56529508,9.0,9.03,5.9001,7.14,39987832,48.25,51.86,35.84,43.02,19940992
2020-03-19 00:00:00-04:00,98.8,103.57,90.35,97.71,38196591,23.36,24.15,20.0,21.5,42710188,7.17,9.24,6.45,7.7,37067054,41.15,52.9,38.01,46.57,10201487
2020-03-20 00:00:00-04:00,99.85,107.0,94.28,95.01,38848406,23.17,26.85,21.26,21.35,52917970,8.89,11.16,8.67,9.11,52910095,49.83,60.0,49.0101,51.97,11225096
2020-03-23 00:00:00-04:00,98.53,114.49,93.56,105.49,42338289,22.17,22.83,20.6,22.23,41609238,9.73,9.82,8.921,9.15,29228000,53.51,58.4,51.0,57.56,8383887
2020-03-24 00:00:00-04:00,123.68,127.96,116.13,127.5,38984638,26.26,28.98,24.52,26.89,62024829,11.45,12.9,10.66,12.185,49459646,68.66,71.3945,64.55,66.54,10424608
2020-03-25 00:00:00-04:00,154.9,174.77,141.0,158.68,71954112,31.49,33.28,27.4,31.14,66182027,14.45,14.72,11.6,12.945,49338186,71.81,79.7,65.19,75.06,9105453
2020-03-26 00:00:00-04:00,172.29,186.48,167.18,180.4,58598168,32.61,35.89,30.424,31.7,54879394,13.25,15.3,12.87,13.41,43514350,77.38,83.865,69.76,71.4,10541503
2020-03-27 00:00:00-04:00,172.0,172.92,155.5401,161.99,44801196,30.72,31.32,29.02,29.55,33321515,12.75,12.965,12.1,12.18,34046703,66.65,67.3,63.26,63.31,9150205
2020-03-30 00:00:00-04:00,153.81,153.81,140.68,152.27,48634546,28.49,29.29,26.0,28.67,28435635,11.55,12.37,10.5,11.53,30758051,61.76,63.69,58.05,61.06,6934685
2020-03-31 00:00:00-04:00,155.0,160.64,149.0,149.12,28211403,29.35,30.53,28.42,28.53,23023866,11.94,12.39,11.55,11.805,24081675,60.71,63.49,59.1,60.19,5020288
2020-04-01 00:00:00-04:00,138.91,144.38,130.0,130.62,39853804,26.59,26.59,23.69,23.83,53681458,11.01,12.22,10.6,11.76,28657138,56.91,57.0,52.91,54.0,6079050
2020-04-02 00:00:00-04:00,128.51,136.68,120.0204,123.13,39577901,23.92,24.65,22.51,22.69,35346363,11.56,12.19,11.22,11.5066,18977757,53.12,56.4,51.55,52.6001,4454822
2020-04-03 00:00:00-04:00,125.0,131.29,122.5,124.64,34963826,23.03,23.65,21.75,22.48,42805911,11.66,11.97,10.0,10.575,35790436,52.97,53.5,46.21,48.43,7829732
2020-04-06 00:00:00-04:00,133.7,149.69,129.21,148.43,46730255,22.3103,23.5,20.76,22.31,88817579,11.64,13.07,11.62,12.9,30181888,53.7,58.25,52.7501,56.73,17568746
2020-04-07 00:00:00-04:00,162.0,164.8,140.26,141.51,53148116,25.21,25.85,21.9,22.245,93034638,15.17,15.73,13.4,13.63,38394112,65.95,67.2,59.75,60.94,10953533
2020-04-08 00:00:00-04:00,147.785,154.0,144.55,146.81,37985188,23.095,23.64,22.53,23.24,60170078,14.19,15.28,13.87,15.0,26946234,62.79,69.39,61.66,69.01,20578302
2020-04-09 00:00:00-04:00,154.71,157.98,150.09,151.81,35445505,25.4,25.53,23.35,24.395,85580506,16.24,16.44,14.05,14.5475,37787409,73.91,76.88,67.82,70.65,10641899
2020-04-13 00:00:00-04:00,155.5,156.0,146.26,147.44,24198797,24.98,25.06,22.08,23.25,71545087,14.8,14.8,13.4,13.9,28419257,70.72,71.35,65.54,69.3,7206789
2020-04-14 00:00:00-04:00,150.51,152.4,140.0,140.99,31958950,23.9899,25.29,23.83,24.545,50274081,14.4,15.09,14.02,15.04,24614653,73.05,74.5399,69.19,74.4,12613160
2020-04-15 00:00:00-04:00,139.0,148.6873,132.9,145.89,37864192,24.91,25.5,23.31,24.3401,83987108,14.4,14.66,14.01,14.415,18909966,71.17,72.8594,70.0,71.86,11178647
2020-04-16 00:00:00-04:00,141.46,143.24,134.0,134.1248,36931435,23.76,23.8,22.63,22.77,52369630,14.21,14.41,13.465,13.81,19385468,71.04,72.7,68.81,72.39,16403561
2020-04-17 00:00:00-04:00,149.41,153.79,145.0,153.7579,50295523,24.15,24.61,23.59,24.27,50383278,14.89,14.9399,13.74,14.06,32527007,77.16,78.52,74.51,78.45,13939549
2020-04-20 00:00:00-04:00,147.21,151.6299,142.5,143.58,33669229,23.44,24.12,22.91,23.64,40490855,13.45,14.31,13.35,13.53,23109751,76.18,78.66,72.68,73.2676,11529492
2020-04-21 00:00:00-04:00,139.01,141.8962,135.45,136.31,26211314,23.02,23.77,22.8,23.04,37006044,13.01,13.5,12.79,13.17,18405625,71.08,73.59,69.68,70.48,15115717
2020-04-22 00:00:00-04:00,140.42,140.8199,135.01,135.05,20128025,23.88,23.94,21.63,22.53,65832988,13.58,13.64,13.135,13.325,12377175,72.85,73.25,69.61,70.11,9697985
2020-04-23 00:00:00-04:00,136.5,142.38,136.05,137.61,25027767,22.65,22.96,22.41,22.48,42650220,13.72,14.04,13.62,13.77,23568712,75.22,78.6,74.29,76.05,29280598
2020-04-24 00:00:00-04:00,137.0,137.57,128.33,129.0,34449858,22.53,22.68,21.75,22.41,40465977,13.89,14.13,13.5,13.95,16866629,76.96,77.57,73.93,76.59,9156940
2020-04-27 00:00:00-04:00,129.97,131.2,123.83,128.51,32982251,22.83,23.44,22.0,22.16,49485389,14.25,15.5,14.1,15.21,29727282,78.26,83.93,77.12,82.78,17262328
2020-04-28 00:00:00-04:00,133.88,137.2,127.74,130.91,36644834,23.0,24.9,22.65,24.335,82450591,16.5,16.5,15.0908,15.81,28269411,86.97,87.57,78.0,82.16,8799631
2020-04-29 00:00:00-04:00,138.08,147.18,135.25,138.98,56511188,25.69,27.6,25.5,27.315,78175917,16.72,17.6281,16.48,17.45,31372826,85.69,89.87,84.52,89.02,6612364
2020-04-30 00:00:00-04:00,137.67,144.65,132.31,140.86,36388285,26.7,27.23,25.5,25.93,59647539,16.94,17.31,16.21,16.822,25699079,87.22,90.8099,84.5754,85.54,12230458
2020-05-01 00:00:00-04:00,143.23,143.71,132.84,133.34,34760623,24.95,25.4,23.72,24.13,43672351,15.56,15.99,14.91,15.0,27063358,81.81,82.99,79.01,80.83,4830141
2020-05-04 00:00:00-04:00,127.115,131.5,124.35,131.39,29537712,21.19,22.79,20.5,22.597,87375002,14.54,15.38,14.03,14.775,22172679,77.1,80.95,75.565,80.45,9151025
2020-05-05 00:00:00-04:00,132.88,133.8,125.0,125.3501,29821433,23.02,23.5,21.51,21.71,49811114,15.3,15.32,14.23,14.26,22124366,82.69,83.09,78.345,79.67,3948828
2020-05-06 00:00:00-04:00,125.8,126.8591,121.37,121.85,28697461,21.76,22.1,20.7503,21.01,51458489,14.37,14.55,13.86,13.91,15796777,80.46,80.88,78.01,79.17,6287837
2020-05-07 00:00:00-04:00,122.81,130.71,122.36,128.57,28922756,21.07,22.5,21.02,21.67,46996815,14.0,15.24,13.96,14.94,25728550,80.0,82.665,78.17,79.59,7210809
2020-05-08 00:00:00-04:00,132.57,135.55,131.56,133.37,21647069,22.36,22.92,22.05,22.71,39714575,15.33,15.71,14.88,15.59,22361386,81.913,87.38,81.49,87.04,12274310
2020-05-11 00:00:00-04:00,130.92,131.0,127.95,128.9,19114655,22.1,22.51,21.55,22.02,38089701,15.19,15.2,14.61,14.65,20596586,85.01,85.77,82.38,82.64,9158578
2020-05-12 00:00:00-04:00,129.72,133.12,125.2,125.27,21473256,22.1,22.4,21.03,21.035,35865410,14.81,15.01,13.81,13.84,23684335,83.44,83.91,78.585,78.68,3853691
2020-05-13 00:00:00-04:00,125.0,125.07,119.33,121.5,24963988,20.97,20.97,19.09,19.425,70641442,13.8,13.84,12.5,12.68,34229012,78.74,79.87,75.14,76.85,6782642
2020-05-14 00:00:00-04:00,118.98,122.61,113.89,122.44,36932520,18.8,19.54,17.51,19.38,86129057,12.23,13.57,11.77,13.51,32429986,74.51,78.5,71.2,78.3,5512190
2020-05-15 00:00:00-04:00,118.33,121.8899,117.78,120.0,25803871,18.97,19.65,18.62,19.1884,42970596,13.41,14.07,13.2,13.85,24381636,76.37,79.14,75.61,77.78,7263874
2020-05-18 00:00:00-04:00,126.18,136.2,125.7998,135.42,42147297,20.91,21.94,20.55,21.85,67540095,14.85,15.42,14.53,15.3,30411671,82.52,83.0,80.05,81.46,6171155
2020-05-19 00:00:00-04:00,137.0,137.04,130.28,130.5,31578150,22.57,22.57,21.32,21.755,65903979,15.34,15.69,14.64,15.15,23540015,82.09,85.24,79.73,82.03,5271484
2020-05-20 00:00:00-04:00,133.27,135.45,131.3101,133.23,20945368,22.34,23.1,22.14,22.71,48139668,15.81,16.58,15.7,16.4916,35373660,84.64,87.28,83.7,86.86,9542182
2020-05-21 00:00:00-04:00,137.0,144.239,136.1508,138.9613,46836886,22.77,23.68,22.6668,23.15,44872164,16.06,16.44,15.65,15.99,30505025,86.22,86.85,82.14,83.17,8199755
2020-05-22 00:00:00-04:00,141.01,141.08,135.7766,137.55,20107269,23.24,23.4,22.23,22.68,34859912,15.91,16.0,15.27,15.918,20026444,81.3,81.42,77.52,78.25,14883780
2020-05-26 00:00:00-04:00,145.21,145.91,142.61,144.79,29402902,24.48,25.865,24.28,25.64,75153940,17.3,17.97,16.72,17.65,37524136,82.97,86.17,81.36,84.89,7891944
2020-05-27 00:00:00-04:00,149.14,149.65,141.24,149.51,29951842,27.67,27.85,24.73,26.32,87024703,18.78,18.84,17.0,18.1,41508864,87.56,87.8,82.5,86.89,7355260
2020-05-28 00:00:00-04:00,156.1,156.7,149.05,149.79,33027250,26.25,26.36,24.95,25.65,51898829,18.07,18.13,17.09,17.23,27123744,87.04,87.45,82.61,83.17,4811209
2020-05-29 00:00:00-04:00,145.3,152.0,142.94,145.845,32872222,24.62,25.605,24.37,25.13,45036214,16.8,17.52,16.72,17.19,21516199,81.66,84.925,80.8,83.32,4745022
2020-06-01 00:00:00-04:00,145.45,153.55,144.55,151.37,26599294,25.33,26.76,25.0826,26.17,45065738,17.31,18.0385,17.1231,17.8,20626358,84.13,86.6396,83.22,86.5,3453281
2020-06-02 00:00:00-04:00,154.0,155.85,151.8101,153.32,23897596,26.68,26.98,25.935,26.41,41261787,18.17,18.28,17.4,18.2,24271986,85.5,86.23,82.55,84.1,5277283
2020-06-03 00:00:00-04:00,157.1,173.78,155.49,173.07,63399929,27.01,28.6,26.7,28.47,63128051,18.9,20.4,18.7,20.27,39549661,85.8,93.75,85.5001,93.49,15880572
2020-06-04 00:00:00-04:00,181.28,188.6,177.4,184.2,64446952,30.27,32.81,29.22,32.3898,130290792,21.37,21.96,19.91,21.72,55100181,96.98,97.3,91.7211,95.34,10014043
2020-06-05 00:00:00-04:00,205.0,218.79,197.36,205.11,95972135,37.2,37.24,33.45,34.1683,123421018,23.22,23.58,21.36,21.71,54192207,102.07,104.005,99.29,101.6401,10434733
2020-06-08 00:00:00-04:00,222.94,234.2,218.93,230.54,75044358,36.63,37.08,35.38,36.99,76087971,22.81,23.84,22.18,23.77,37129699,106.46,108.93,104.05,108.6999,11417002
2020-06-09 00:00:00-04:00,222.14,227.0,213.08,216.885,63919721,34.5,34.729,32.65,34.18,57141791,22.84,22.94,21.29,22.06,30404207,105.38,105.42,101.405,102.82,11549678
2020-06-10 00:00:00-04:00,211.17,213.03,197.4,203.33,87705926,32.24,32.99,29.76,31.67,86671587,22.46,22.48,20.01,20.505,38500491,102.82,103.4,95.18,99.03,6352508
2020-06-11 00:00:00-04:00,179.35,192.18,166.01,170.0,97973324,26.65,29.57,26.6,27.222,83073565,17.84,19.44,17.6,17.84,39265237,90.145,95.3001,89.0,89.84,14626898
2020-06-12 00:00:00-04:00,187.15,191.3,178.37,179.1401,32678220,29.89,30.74,29.3,29.3317,27700814,19.62,19.6813,18.56,18.58,12228059,95.14,95.74,90.5701,90.6681,1788537
2020-06-15 00:00:00-04:00,177.18,193.23,175.89,190.99,76271194,28.3,30.965,28.0,30.46,61134270,18.0,19.75,17.65,19.46,31456178,87.56,93.08,86.575,91.96,4240980
2020-06-16 00:00:00-04:00,207.15,208.3,192.6,197.84,72654385,32.63,33.02,30.61,31.33,56069739,20.66,20.85,19.085,19.35,38679411,98.0,98.15,87.22,90.43,13730146
2020-06-17 00:00:00-04:00,194.52,196.43,191.25,192.46,51219011,30.84,31.16,30.08,30.72,33951543,19.03,19.33,18.82,18.96,17008399,90.0,90.76,88.34,88.69,3592391
2020-06-18 00:00:00-04:00,188.24,198.0345,187.2,192.17,59304500,29.88,31.145,29.595,30.81,35301750,18.46,18.99,18.3,18.58,23088351,87.02,89.9,86.73,88.37,5913545
2020-06-19 00:00:00-04:00,197.9,197.96,184.571,186.82,63570106,31.51,31.52,29.02,29.52,42661013,19.03,19.09,17.83,18.19,23621352,90.35,90.98,86.04,86.82,3694620
2020-06-22 00:00:00-04:00,184.56,188.7,181.9,188.41,51966455,29.03,29.84,28.56,29.31,37403245,17.98,18.2,17.4,17.77,19158236,85.86,86.2,81.72,83.29,4593750
2020-06-23 00:00:00-04:00,189.3,190.12,183.55,187.75,48913424,29.53,29.65,28.73,29.64,28807946,18.06,18.5,17.77,18.45,14423081,84.525,85.3397,83.41,84.59,3911577
2020-06-24 00:00:00-04:00,183.61,185.2,176.07,176.79,55332139,28.75,28.99,26.93,27.35,43855908,18.04,18.1,16.66,16.93,29266015,83.31,83.39,75.02,75.21,8200269
2020-06-25 00:00:00-04:00,169.87,177.5,169.59,174.875,55267133,26.5197,28.16,26.27,28.01,35141854,16.19,17.05,16.07,16.7,23687855,74.845,74.85,71.4,73.55,7756932
2020-06-26 00:00:00-04:00,173.42,173.85,167.6,169.93,43525198,28.02,28.0967,26.24,26.94,36413115,16.5,16.79,15.59,15.7,24471073,72.47,73.41,68.71,69.05,5932903
2020-06-29 00:00:00-04:00,181.0,194.5,176.27,194.42,73846087,27.2,28.82,26.58,28.6,37129582,15.83,16.99,15.3222,16.82,25591116,69.22,74.23,67.54,74.22,6832208
2020-06-30 00:00:00-04:00,188.02,188.49,180.38,183.07,63343658,28.35,28.66,27.6,28.04,25795909,16.63,16.95,16.27,16.81,16746904,73.57,74.865,72.12,74.49,4328507
2020-07-01 00:00:00-04:00,185.88,190.61,180.04,180.31,46165655,29.02,29.73,27.49,27.7,36971540,16.95,17.68,16.63,16.78,30291630,75.25,78.24,73.15,73.79,5210289
2020-07-02 00:00:00-04:00,185.58,187.79,180.43,180.76,39975658,28.54,28.73,27.6,27.72,27863362,17.38,17.59,16.745,16.86,16750713,75.59,78.352,75.1284,77.34,6077799
2020-07-06 00:00:00-04:00,184.52,189.36,181.6,187.85,47864843,28.24,28.63,27.28,28.45,25969451,17.48,17.53,16.215,16.71,19304822,79.73,80.99,74.67,76.7,5660943
2020-07-07 00:00:00-04:00,185.07,185.07,178.65,178.95,35928796,27.86,27.95,26.86,27.02,23794879,16.33,16.585,16.055,16.15,13574931,74.82,76.02,73.14,73.42,3709240
2020-07-08 00:00:00-04:00,179.05,181.58,175.51,179.98,36951579,26.65,27.275,26.2,27.02,26399052,16.06,16.34,15.51,16.28,16004593,73.18,74.56,71.29,74.15,3961635
2020-07-09 00:00:00-04:00,179.67,180.75,172.81,173.26,32831291,26.79,26.92,25.22,25.65,30636232,16.32,16.41,15.23,16.0,19788492,73.99,74.01,68.69,71.16,5746325
2020-07-10 00:00:00-04:00,171.7,179.3251,169.75,178.31,40011463,25.3,27.26,25.15,27.11,30363430,15.68,16.245,15.5,16.19,16351865,70.23,74.22,69.45,74.16,4468786
2020-07-13 00:00:00-04:00,180.2,183.25,174.3601,175.62,41317809,27.23,27.62,26.31,26.84,32513097,16.5,17.3,15.82,16.37,31297884,76.4,84.9841,73.09,81.27,15717751
2020-07-14 00:00:00-04:00,177.0,181.3,173.41,179.95,37125548,25.64,26.75,25.46,26.11,38498441,16.36,16.45,15.98,16.17,16869388,79.24,80.24,76.7,79.28,5348042
2020-07-15 00:00:00-04:00,185.54,189.53,181.25,187.88,45911128,27.5,28.88,26.92,28.61,45432878,17.12,18.29,16.82,18.21,29165350,82.01,86.96,81.6101,86.75,6994333
2020-07-16 00:00:00-04:00,184.32,184.59,177.3385,178.76,34106605,27.56,27.95,27.035,27.27,24728924,17.84,18.08,17.47,17.6,15940809,84.45,86.07,83.55,84.61,3255129
2020-07-17 00:00:00-04:00,178.41,181.1,175.55,175.65,25602010,27.33,27.73,26.935,27.05,20780642,17.61,17.7,16.62,16.81,18162104,84.75,85.18,81.96,82.76,2575960
2020-07-20 00:00:00-04:00,175.13,176.57,171.62,174.33,23965727,27.0,27.42,26.03,26.21,20597226,16.69,16.93,16.045,16.34,15466834,82.37,82.95,79.67,79.95,2760741
2020-07-21 00:00:00-04:00,178.43,182.65,176.75,178.51,40052672,26.5,26.95,26.35,26.4206,20100888,16.55,16.92,16.34,16.69,14393554,81.13,82.47,78.925,79.19,3837026
2020-07-22 00:00:00-04:00,176.43,182.95,175.39,179.8,29097641,26.23,26.82,26.11,26.25,16117377,16.4,16.83,16.26,16.321,12077455,78.53,78.95,75.36,76.11,3764566
2020-07-23 00:00:00-04:00,178.0,182.5,175.42,176.47,28863323,26.0,27.7017,25.78,26.78,27153202,16.1,16.165,15.52,15.89,25166346,75.825,75.94,73.37,73.9,4980295
2020-07-24 00:00:00-04:00,179.0454,181.0999,173.6,173.79,23516997,26.2384,26.545,25.88,25.97,13769834,15.5384,15.94,15.47,15.8,12982361,72.035,73.41,71.72,73.41,2814145
2020-07-27 00:00:00-04:00,173.19,174.14,169.0,170.13,29311809,25.95,26.16,25.37,25.49,18039950,15.76,15.77,14.6499,14.95,24370393,72.63,73.55,70.02,70.66,4536335
2020-07-28 00:00:00-04:00,168.5,173.74,168.23,171.0,37952795,25.35,26.3,25.34,25.92,28421036,14.8,15.82,14.76,15.41,33098040,70.62,74.97,70.47,73.37,4673796
2020-07-29 00:00:00-04:00,172.9,173.01,162.25,165.96,100261344,26.02,26.19,25.38,25.72,27152353,15.65,16.26,15.572,16.25,42448206,74.28,75.4,73.19,75.23,2988069
2020-07-30 00:00:00-04:00,162.88,164.5499,160.64,161.9,56895020,25.25,25.375,24.82,24.94,32022530,16.18,16.7,16.04,16.645,51055767,76.98,77.15,74.7,76.4,3941184
2020-07-31 00:00:00-04:00,161.55,163.4,156.26,158.01,58894693,24.8,25.005,24.425,24.98,32360159,15.99,16.49,15.58,16.09,61037093,75.99,76.24,71.5,72.42,5118336
2020-08-03 00:00:00-04:00,156.51,163.58,153.41,162.24,74920920,24.85,25.48,24.3817,25.21,32064660,15.98,16.51,15.84,16.33,31408335,71.765,73.68,70.32,73.04,4203139
2020-08-04 00:00:00-04:00,164.63,167.4,163.01,165.1,61033865,25.45,26.22,25.31,25.67,33302489,16.33,16.79,16.29,16.71,53629427,72.6413,74.37,71.82,72.8,3586362
2020-08-05 00:00:00-04:00,167.6,174.98,166.4,174.25,90952448,26.22,27.04,25.75,26.5,52384834,17.03,17.31,16.31,16.71,36346176,73.08,75.24,70.51,71.24,6774623
2020-08-06 00:00:00-04:00,172.8,175.57,170.6,172.24,64558338,26.9,27.2999,26.13,27.08,56780312,16.69,18.6,16.56,18.46,70126983,70.91,77.09,70.77,76.52,7515185
2020-08-07 00:00:00-04:00,171.5,171.8599,168.7,170.1,37232078,26.7,27.2,26.465,27.175,28964859,18.29,19.39,18.25,19.03,66978110,75.05,75.96,73.11,74.1,4638275
2020-08-10 00:00:00-04:00,171.36,179.79,171.33,179.4,69320709,27.46,29.41,27.375,29.33,66426765,22.48,23.79,20.88,21.65,135434077,78.17,81.75,77.36,81.44,9238955
2020-08-11 00:00:00-04:00,184.51,189.97,179.53,180.165,115992229,30.79,30.82,29.43,29.64,67713367,22.42,22.48,21.19,21.51,65014401,85.85,89.42,84.85,88.29,10723840
2020-08-12 00:00:00-04:00,184.01,184.149,173.19,175.47,79828648,30.04,30.28,28.3601,29.08,46953087,21.94,21.95,20.69,21.14,44721671,89.49,89.5,83.37,85.85,6195314
2020-08-13 00:00:00-04:00,173.62,179.47,172.4301,174.775,22454948,28.6,29.58,28.485,28.7,15156759,20.87,21.68,20.72,21.34,13383252,84.29,86.73,84.24,86.67,3057589
2020-08-14 00:00:00-04:00,173.09,179.47,172.35,178.08,31977758,28.3,29.19,28.15,28.95,11970159,21.17,21.85,20.96,21.82,12085944,85.23,86.09,84.15,85.01,2566345
2020-08-17 00:00:00-04:00,178.24,178.29,171.4085,172.04,45835005,29.04,29.04,27.76,28.02,28012912,21.72,21.88,20.9216,21.39,24106086,85.37,85.69,83.1999,83.5,1955621
2020-08-18 00:00:00-04:00,172.01,173.238,169.01,170.14,41887492,28.0,28.28,27.374,27.62,24886338,21.19,21.32,20.73,20.95,25541912,83.9,83.9,81.51,81.63,2216679
2020-08-19 00:00:00-04:00,170.44,174.1,169.09,169.27,50175465,27.75,29.115,27.555,27.69,41041301,20.89,21.21,20.75,20.9,16611810,82.62,83.7929,80.96,81.255,2407512
2020-08-20 00:00:00-04:00,168.54,170.84,165.86,169.65,45268192,27.52,27.7891,27.02,27.62,26800913,20.59,21.0799,20.4,20.83,16674372,80.0,81.09,79.02,80.28,2794530
2020-08-21 00:00:00-04:00,168.35,170.0839,167.27,167.46,33171292,27.56,27.86,27.17,27.27,20202957,20.98,21.7,20.9501,21.16,22410134,81.46,85.58,81.1,82.83,4167661
2020-08-24 00:00:00-04:00,173.68,178.27,173.25,178.27,59525465,28.81,29.8,28.81,29.8,50769184,21.905,22.28,21.825,22.27,24600263,84.16,86.85,83.8,86.8,3282470
2020-08-25 00:00:00-04:00,180.46,180.63,172.44,174.64,60961267,30.0,30.28,29.33,30.11,54467716,22.5,22.65,21.78,22.09,22289420,87.59,88.215,84.71,86.18,2470946
2020-08-26 00:00:00-04:00,173.8,174.4299,171.35,171.76,31555311,30.01,30.22,29.62,29.96,35291548,22.13,22.18,21.7916,22.0,15910893,85.89,86.0325,84.2958,84.77,2087607
2020-08-27 00:00:00-04:00,174.71,181.31,173.5601,174.13,56341879,30.81,32.21,30.62,30.815,60888476,22.16,23.43,22.13,22.81,32995537,84.875,88.35,84.68,86.51,3817230
2020-08-28 00:00:00-04:00,175.11,177.28,172.57,175.85,38914924,31.25,31.99,30.73,31.99,39629640,23.37,24.365,22.97,23.87,44814569,87.8,93.21,86.71,91.54,5693636
2020-08-31 00:00:00-04:00,174.65,175.2699,171.7,171.83,30961532,31.81,32.01,30.8,30.86,33723923,23.63,23.65,22.5,22.5,29336430,90.63,90.8,87.45,87.46,3082336
2020-09-01 00:00:00-04:00,170.71,175.49,169.25,172.11,36979823,30.02,31.61,29.75,30.71,39381810,22.26,23.0147,21.86,22.77,20475288,87.08,88.65,85.41,86.28,2509518
2020-09-02 00:00:00-04:00,172.7398,175.0,171.45,174.7,31399838,30.4,31.3,30.14,31.14,31288908,22.78,23.83,22.5,23.715,30484076,86.27,89.69,86.06,89.27,2294124
2020-09-03 00:00:00-04:00,175.0,180.85,168.12,168.77,53675616,31.63,32.53,30.47,31.22,55572126,23.62,24.42,22.59,23.07,38053933,89.18,91.9,85.8,87.36,3108229
2020-09-04 00:00:00-04:00,171.31,172.83,164.0,170.95,36300994,31.79,32.37,30.61,31.77,50367427,23.33,23.94,22.47,23.52,34636745,88.3078,89.99,84.58,87.78,3132565
2020-09-08 00:00:00-04:00,165.8,166.9,160.5,161.19,42234959,31.4,33.1,31.34,32.54,52709689,22.85,23.695,22.61,23.17,30262019,85.05,85.4083,82.49,82.67,3691751
2020-09-09 00:00:00-04:00,161.61,163.06,157.0,160.73,38623771,32.17,32.44,31.32,31.75,36853276,23.25,23.35,22.6,23.11,22332448,83.6595,83.6595,80.6,82.95,2919544
2020-09-10 00:00:00-04:00,163.12,163.44,157.57,157.7,24166721,32.42,32.5296,31.67,31.79,27875058,23.85,23.99,22.82,22.83,29484296,85.94,86.34,83.12,83.31,2415145
2020-09-11 00:00:00-04:00,158.0,161.3592,156.32,160.23,28430304,31.81,32.13,31.34,31.7,26185340,23.07,23.1199,21.915,22.72,31482019,84.62,84.9,80.88,82.12,2088978
2020-09-14 00:00:00-04:00,161.75,165.94,158.9,165.36,31927973,32.29,32.9,32.01,32.8,29004124,22.39,23.16,22.38,23.05,28138775,83.03,83.84,81.86,83.75,1959043
2020-09-15 00:00:00-04:00,166.65,168.84,163.33,163.5,14421253,33.2,34.4781,33.1,33.5,21054624,23.08,24.245,22.89,23.73,16622474,83.91,83.96,80.81,82.28,3386598
2020-09-16 00:00:00-04:00,161.95,170.57,160.31,167.5,20547624,33.8,34.99,33.19,34.56,23196801,23.69,23.78,22.55,23.01,17291363,81.19,81.29,77.32,79.68,6457364
2020-09-17 00:00:00-04:00,164.63,168.455,161.05,167.6364,18701902,33.97,35.07,33.635,33.93,21693982,22.5,22.88,21.96,22.53,13219751,78.03,80.57,77.99,79.32,2511545
2020-09-18 00:00:00-04:00,165.66,169.72,161.02,161.07,17033388,33.22,34.02,32.575,32.85,19910402,22.24,22.7,21.675,22.02,14426486,78.91,79.67,76.27,77.69,3020360
2020-09-21 00:00:00-04:00,157.81,158.83,154.2,156.36,22215906,31.16,31.2,29.42,29.82,30853179,21.23,21.48,20.57,21.105,13237106,73.74,74.605,70.84,72.35,6258295
2020-09-22 00:00:00-04:00,156.81,160.0678,154.95,156.8,17612665,29.81,30.54,29.7201,30.2,15423828,21.19,21.76,21.01,21.62,9787650,72.685,75.17,72.01,73.415,3085904
2020-09-23 00:00:00-04:00,157.33,160.42,150.89,151.2106,16991492,30.44,31.03,29.49,29.56,16581190,21.64,22.38,21.34,21.38,10444406,73.94,75.73,70.51,70.69,3901481
2020-09-24 00:00:00-04:00,150.29,150.31,145.02,146.0,25455724,29.12,29.51,27.92,29.0,20225628,21.19,21.705,20.66,21.19,9341639,70.5,72.35,68.79,71.07,3732245
2020-09-25 00:00:00-04:00,146.85,156.3116,146.415,156.06,28081532,28.82,29.7901,28.78,29.77,17098677,21.29,22.25,21.19,22.095,8692396,71.16,72.56,70.625,72.335,2550045
2020-09-28 00:00:00-04:00,160.375,168.0,159.2,166.21,36720013,30.6,31.96,30.1389,31.34,21239847,22.61,22.86,22.08,22.64,9173689,73.11,74.57,72.43,73.62,2938760
2020-09-29 00:00:00-04:00,164.77,165.5,162.01,163.6,36943075,31.1,31.11,30.3,30.61,28337553,22.58,22.58,21.36,21.73,23936419,72.98,73.09,70.55,70.98,3885102
2020-09-30 00:00:00-04:00,164.5,170.98,164.11,165.36,72246454,30.99,31.85,30.48,30.58,29544499,21.9,22.55,21.5804,21.74,18650858,71.94,73.94,71.18,71.81,4110988
2020-10-01 00:00:00-04:00,170.15,172.76,165.57,168.0147,56622728,30.99,31.36,30.575,31.09,22913191,21.94,22.23,21.62,21.82,20633640,72.14,72.715,71.11,72.07,3790902
2020-10-02 00:00:00-04:00,161.85,169.78,161.8,168.1,56796541,29.75,32.3,29.61,31.74,49470359,21.0,21.91,20.88,21.67,18331099,70.0,73.44,69.6,73.21,2768024
2020-10-05 00:00:00-04:00,169.49,172.08,167.51,171.16,36404607,32.35,32.43,31.52,32.01,26268973,21.83,22.02,21.395,21.56,14363201,73.19,74.07,72.03,73.8517,3134899
2020-10-06 00:00:00-04:00,173.04,175.56,159.33,159.66,90527121,32.63,32.72,30.91,31.06,36834585,21.92,22.26,21.05,21.05,25496307,74.57,77.735,74.015,74.32,4638941
2020-10-07 00:00:00-04:00,163.71,166.3447,162.38,164.55,47694541,32.22,32.36,31.64,32.13,27780847,21.42,21.745,21.29,21.48,17005208,75.92,75.95,74.23,75.05,2702306
2020-10-08 00:00:00-04:00,166.22,168.09,163.5401,167.92,39484265,32.69,33.0,31.915,32.68,34405782,21.79,22.0288,21.43,21.925,19216651,75.28,76.0898,73.91,74.31,2434493
2020-10-09 00:00:00-04:00,169.93,170.0,166.82,167.33,31533276,32.71,33.2742,32.29,32.82,31765496,21.87,22.08,21.32,21.37,17190647,74.63,75.53,72.45,72.67,2865291
2020-10-12 00:00:00-04:00,167.75,169.2,165.95,167.36,22524390,32.68,32.805,32.3,32.65,22469044,21.28,21.49,21.05,21.4,15936807,72.85,74.2,72.35,74.1,1843877
2020-10-13 00:00:00-04:00,164.85,165.47,162.09,162.18,27985171,31.93,32.39,31.48,31.79,38469469,21.09,21.24,20.75,20.97,23157872,72.1912,72.4,69.49,71.74,4923055
2020-10-14 00:00:00-04:00,162.7,165.17,162.49,163.23,19662940,31.77,32.32,31.65,31.78,30345459,21.07,21.42,20.831,21.09,20367674,71.49,72.55,70.76,71.73,2942443
2020-10-15 00:00:00-04:00,161.01,164.54,158.73,164.23,25135134,31.38,31.455,30.685,31.34,22618125,20.745,21.18,20.6763,21.16,16708663,71.45,72.75,70.66,72.69,2413946
2020-10-16 00:00:00-04:00,171.22,173.42,167.27,167.32,59326121,31.4,31.76,31.24,31.46,20137143,21.1,21.48,20.86,21.25,15244371,72.53,73.37,70.92,71.12,2805539
2020-10-19 00:00:00-04:00,169.09,170.84,166.11,167.11,30625859,31.7,32.27,31.31,31.5,27146195,21.35,21.49,20.69,20.81,14046581,71.395,72.2399,69.5,69.65,3422001
2020-10-20 00:00:00-04:00,168.29,169.29,166.18,167.17,23313664,31.97,32.41,31.59,31.97,26266859,21.1,21.665,20.9,21.4,14157541,70.16,73.08,70.01,72.44,3183429
2020-10-21 00:00:00-04:00,166.44,167.5799,163.82,163.87,16481654,31.89,31.94,31.37,31.51,17271283,21.34,21.565,21.09,21.42,8338804,72.01,73.4016,71.315,72.85,1610405
2020-10-22 00:00:00-04:00,164.7,169.63,164.1,169.09,25362430,31.87,33.805,31.72,33.7301,49193772,21.95,22.685,21.9,22.62,17837745,75.23,76.65,74.15,76.43,3638451
2020-10-23 00:00:00-04:00,169.99,170.26,166.05,167.38,17854975,33.52,34.04,32.9,34.01,28601618,22.69,23.47,22.48,23.36,21499180,76.65,76.84,74.79,76.6,1972016
2020-10-26 00:00:00-04:00,164.95,165.5,159.05,160.81,30028573,33.5,33.5,31.53,31.93,30626746,22.86,22.89,21.7001,22.14,16150797,74.59,74.655,71.77,73.53,2681717
2020-10-27 00:00:00-04:00,159.16,160.25,155.0,155.24,28779372,31.75,32.06,30.69,30.695,23399817,21.97,22.12,20.83,21.04,19898584,73.7252,73.87,71.17,71.83,2178209
2020-10-28 00:00:00-04:00,153.0,153.95,148.0,148.17,33801595,29.76,30.15,28.74,29.65,41141262,20.24,20.635,19.81,20.11,36061688,70.71,70.84,67.7,69.01,3999842
2020-10-29 00:00:00-04:00,148.03,150.1,146.6,148.223,25535354,29.46,30.91,29.3402,30.77,30751745,20.07,21.34,20.01,21.27,21118518,69.28,73.12,69.05,72.18,3574109
2020-10-30 00:00:00-04:00,147.2,149.1699,141.58,144.39,26075840,30.52,30.99,29.99,30.63,28240036,20.28,20.74,19.55,20.57,30193839,71.35,73.31,70.245,72.45,2944110
2020-11-02 00:00:00-05:00,145.75,149.59,143.38,148.59,23761488,30.62,30.63,29.67,30.23,25465568,20.57,21.17,20.57,20.97,17183484,74.42,76.07,73.4,75.82,3545780
2020-11-03 00:00:00-05:00,151.83,154.82,150.64,153.67,21835875,30.94,31.36,30.64,30.91,26281206,21.27,21.9,21.27,21.74,12000796,76.63,77.16,74.11,74.57,2870376
2020-11-04 00:00:00-05:00,153.17,155.4,151.17,151.64,20838776,30.91,31.31,30.11,30.43,21619809,21.79,22.44,21.42,21.44,14072936,75.08,77.78,73.7,76.12,4246065
2020-11-05 00:00:00-05:00,152.48,157.63,152.1009,157.09,22211961,30.85,32.26,30.8,31.96,24631133,21.82,22.38,21.716,21.84,16900784,77.38,80.49,76.85,80.175,4560523
2020-11-06 00:00:00-05:00,156.33,158.47,154.52,157.755,16411910,31.67,31.8435,31.03,31.43,21048942,21.8,22.14,21.51,22.0297,12727007,77.89,80.9,77.5146,80.05,3270582
2020-11-09 00:00:00-05:00,179.18,184.46,172.16,179.36,84966828,37.4,38.69,34.68,36.77,106863915,25.66,27.5,24.63,25.31,48144482,95.17,105.93,95.0,102.34,17512947
2020-11-10 00:00:00-05:00,182.8,193.95,180.38,188.74,86814456,36.1,37.17,35.69,37.02,51394659,25.16,25.4,24.08,24.79,20394674,100.0,102.19,95.395,96.73,4905060
2020-11-11 00:00:00-05:00,189.89,190.0,180.41,182.32,54719107,36.64,36.79,34.73,35.03,40544408,24.78,24.78,23.91,23.99,16638714,97.2,97.2,91.0,91.66,4650523
2020-11-12 00:00:00-05:00,178.95,184.59,176.25,176.77,36999943,34.09,35.55,34.02,34.3801,39638269,23.59,23.78,23.25,23.69,24750107,89.69,89.89,85.9607,86.64,6921477
2020-11-13 00:00:00-05:00,178.9997,186.65,178.71,185.7871,31144054,34.95,36.555,34.85,36.52,34601545,23.72,25.7,23.72,25.6417,21055176,87.7,92.66,86.46,92.22,3436964
2020-11-16 00:00:00-05:00,194.56,202.94,191.3501,202.4,76791148,38.43,38.65,37.24,38.01,46028462,27.28,27.28,26.19,26.52,28676720,97.67,98.36,93.44,94.75,4009391
2020-11-17 00:00:00-05:00,200.25,211.2,196.05,210.02,73949349,37.4,38.05,36.66,37.61,31860917,26.0,26.71,25.51,26.42,16276068,93.31,96.32,91.4,94.3,2372852
2020-11-18 00:00:00-05:00,223.02,223.02,203.0,203.2,121049594,38.09,39.3,37.89,37.9,40684094,26.52,28.06,26.11,26.91,26359862,94.55,98.86,93.7,95.66,3135646
2020-11-19 00:00:00-05:00,200.45,209.44,199.9007,205.56,66289637,37.59,38.13,37.48,37.92,26121184,26.65,27.28,26.51,27.22,17655063,96.925,99.47,96.27,98.75,2590884
2020-11-20 00:00:00-05:00,204.59,206.58,199.17,199.62,34789469,37.99,38.09,36.97,37.14,23728231,27.1,27.35,26.21,26.21,16710841,97.82,98.8,95.3,95.31,3018225
2020-11-23 00:00:00-05:00,203.24,214.2099,201.87,211.38,52943969,37.8,38.85,37.43,38.78,27408528,26.49,26.85,25.79,26.16,21840830,95.5,96.79,94.12,95.48,3108405
2020-11-24 00:00:00-05:00,219.43,222.95,215.76,218.38,58722982,40.05,41.29,39.41,41.27,43337398,26.96,28.56,26.96,28.45,22943110,97.585,102.91,97.41,102.77,3928734
2020-11-25 00:00:00-05:00,217.71,221.0,213.09,217.56,37391778,40.8,41.487,40.05,41.31,28149495,28.0,28.62,27.66,28.4,14341400,101.65,101.7151,99.06,100.4,2103526
2020-11-27 00:00:00-05:00,218.25,219.93,216.04,216.5001,19431024,41.79,42.19,40.775,41.0499,20347209,28.45,29.265,28.42,28.63,7642364,101.33,103.39,100.67,101.13,1339610
2020-11-30 00:00:00-05:00,215.7,217.7799,208.5188,210.98,15295157,40.53,41.05,39.35,40.24,15328536,28.76,28.93,27.59,28.25,8098724,100.99,101.66,97.23,100.61,2843541
2020-12-01 00:00:00-05:00,214.31,218.09,213.0,213.14,14450484,40.79,41.06,39.92,39.96,12381200,28.85,29.1784,28.4,28.81,5953064,102.02,104.69,100.89,102.3599,2601543
2020-12-02 00:00:00-05:00,213.01,224.99,210.3,223.84,24602972,39.81,41.275,39.0582,41.08,12308221,28.63,29.61,28.23,29.33,6553152,101.75,106.46,100.74,105.09,2845626
2020-12-03 00:00:00-05:00,228.3,242.0,226.53,237.35,44733180,41.7,43.76,41.56,42.96,23694743,29.58,30.6,29.52,29.92,8638251,107.1062,110.39,105.9,108.52,3085697
2020-12-04 00:00:00-05:00,236.36,238.1799,230.25,232.58,27277262,43.2,43.49,42.0701,42.36,17711434,30.25,30.79,29.51,30.72,14907921,109.5,113.52,108.2,113.51,2888370
2020-12-07 00:00:00-05:00,238.5,244.08,237.11,238.03,30257192,42.4,42.83,41.74,42.36,12763944,30.64,30.79,29.495,29.82,8051055,112.76,112.94,109.52,111.33,3326119
2020-12-08 00:00:00-05:00,238.7,241.7,234.46,236.47,18644761,41.95,42.88,41.77,42.41,10982379,29.5,30.35,29.5,29.89,5948257,110.625,113.1672,110.33,111.31,2760267
2020-12-09 00:00:00-05:00,238.64,240.84,228.28,231.77,17870964,43.05,43.48,41.3348,42.1,15707971,30.15,30.485,29.69,29.93,7628500,112.88,113.54,109.34,111.17,1989814
2020-12-10 00:00:00-05:00,228.1,237.01,228.02,234.39,14999023,41.16,42.75,41.07,42.61,9643297,29.64,31.05,29.58,30.92,7496006,109.09,113.09,109.09,112.83,1630089
2020-12-11 00:00:00-05:00,232.82,236.22,228.33,230.33,16074590,42.01,42.43,41.14,41.74,10320964,30.79,31.08,29.75,30.19,6558776,112.67,113.38,109.6,111.0,1978419
2020-12-14 00:00:00-05:00,235.0,237.63,228.37,228.63,18090540,42.25,42.38,40.67,40.7,11079925,30.68,30.71,29.38,29.51,8136991,112.41,112.74,107.2,107.51,2577344
2020-12-15 00:00:00-05:00,230.0,232.5,224.36,229.5,18100377,41.2,41.93,40.1576,41.84,10825660,30.01,30.845,29.53,30.75,6159309,109.22,114.75,108.52,114.03,3042637
2020-12-16 00:00:00-05:00,229.33,232.37,225.2959,225.84,16677828,41.75,41.81,40.66,41.08,10084066,30.81,31.17,30.41,30.99,4976414,113.5,116.29,112.55,115.28,2134177
2020-12-17 00:00:00-05:00,227.24,228.49,220.53,221.26,16379304,41.3,41.42,40.61,41.11,8493058,31.16,31.19,30.6601,31.1316,5023251,116.8,117.19,114.14,114.81,1893324
2020-12-18 00:00:00-05:00,222.05,223.464,218.61,220.1,15953605,40.88,41.03,40.28,40.66,10411315,31.06,31.83,30.87,31.65,8042051,114.55,116.53,113.01,115.94,1838271
2020-12-21 00:00:00-05:00,212.34,219.43,211.1,219.285,16887167,39.56,40.35,39.16,40.14,14920413,30.35,31.0,29.95,30.49,8127114,110.71,113.775,108.73,112.48,3603016
2020-12-22 00:00:00-05:00,223.28,223.89,217.7,218.82,11526351,40.43,40.49,38.84,38.93,12146164,30.48,30.59,29.79,30.35,5199614,112.27,113.28,110.71,112.62,1282952
2020-12-23 00:00:00-05:00,219.55,224.4022,219.32,219.56,10326796,39.295,40.47,39.18,40.23,11467892,30.5,31.39,30.46,30.98,3993443,113.93,116.93,113.615,115.29,1613298
2020-12-24 00:00:00-05:00,219.62,219.88,216.05,217.13,6224648,40.42,40.44,39.605,39.73,4602125,31.03,31.03,30.565,30.73,1665496,114.41,115.45,113.61,114.33,812165
2020-12-28 00:00:00-05:00,218.19,219.2,215.1627,216.09,8211438,40.27,40.7758,40.01,40.14,9878069,31.0,31.62,30.91,31.31,4461877,114.96,117.4,114.12,115.48,1791571
2020-12-29 00:00:00-05:00,218.3,221.68,215.4,216.185,14055614,40.84,40.84,39.9,40.04,7073790,31.41,31.48,30.62,30.77,4139845,116.28,116.585,113.84,114.31,1182210
2020-12-30 00:00:00-05:00,216.36,218.554,214.365,216.5983,9528905,40.0,40.905,39.89,40.56,7785863,30.78,31.49,30.78,31.21,3893152,114.18,115.95,112.54,113.41,1978052
2020-12-31 00:00:00-05:00,216.24,216.9,212.7,214.01,9907894,40.3,40.74,39.76,40.19,7952718,31.19,31.87,30.72,31.49,5046199,112.77,113.92,110.06,112.8,1962012
2021-01-04 00:00:00-05:00,210.0,210.2,202.4911,202.91,20361905,40.17,40.34,38.3306,38.73,14189088,31.69,32.38,29.58,29.7,16268662,113.15,113.51,106.18,106.9,3438019
2021-01-05 00:00:00-05:00,204.74,213.35,204.6,211.71,17713212,38.49,40.085,38.45,39.56,11154345,29.52,30.48,29.41,30.37,8911129,106.28,111.5199,106.0113,110.16,1692953
2021-01-06 00:00:00-05:00,210.22,215.61,209.34,210.995,15440061,39.64,40.9,39.54,40.37,12178005,30.96,31.74,30.525,31.19,9584035,110.65,113.38,109.0501,110.89,2309580
2021-01-07 00:00:00-05:00,213.39,216.6,211.78,212.71,12814146,40.45,40.945,40.21,40.23,8453697,31.31,31.41,30.27,30.6,8123669,112.4219,112.71,108.51,109.77,3739208
2021-01-08 00:00:00-05:00,213.61,214.1,208.155,209.9,13264107,40.41,40.6911,39.765,40.03,9140885,30.7,31.855,30.39,31.36,12909673,109.9,110.7,108.08,109.02,2699916
2021-01-11 00:00:00-05:00,203.03,207.7799,201.01,206.79,15628080,39.08,39.99,38.9,39.41,10893150,30.61,31.12,30.41,30.78,7374114,106.62,108.415,104.0653,108.07,2278621
2021-01-12 00:00:00-05:00,206.65,209.06,204.81,208.41,23675069,39.69,40.41,39.16,40.3,17509133,30.91,30.95,30.16,30.27,13446729,108.49,110.87,106.8,110.0,1909070
2021-01-13 00:00:00-05:00,207.15,208.79,204.85,207.2153,16638786,40.01,40.74,39.6299,40.43,20430912,30.18,30.22,29.47,30.03,12150420,109.55,109.681,106.8,107.91,2703023
2021-01-14 00:00:00-05:00,208.79,214.19,208.21,209.91,11258583,41.21,42.64,41.12,41.46,16442296,30.06,30.47,29.72,30.28,5941614,108.6,111.35,108.2,109.0,1946563
2021-01-15 00:00:00-05:00,208.96,209.25,204.2,204.27,10329816,41.67,41.67,39.96,39.96,14510052,30.09,30.185,29.34,29.81,7736205,108.43,108.43,105.77,106.24,2698014
2021-01-19 00:00:00-05:00,206.99,211.52,206.52,210.7,11375244,40.31,40.65,39.8007,40.31,10031696,30.71,31.25,30.48,30.54,9756012,107.54,108.28,105.75,107.14,3485888
2021-01-20 00:00:00-05:00,213.24,215.59,211.21,211.4,9198283,40.69,41.77,40.5,41.62,10577639,30.63,31.27,30.52,31.05,6319392,108.27,112.86,107.27,110.01,3558049
2021-01-21 00:00:00-05:00,211.72,211.93,206.34,207.46,10172676,41.31,41.43,40.17,40.685,10465157,31.03,31.68,30.83,31.53,5653288,110.34,111.95,108.7,109.13,1989665
2021-01-22 00:00:00-05:00,205.55,206.6999,204.27,205.83,7054615,40.0,40.27,39.81,39.97,9769606,31.0,31.8,30.75,31.37,7000592,106.73,108.08,104.5,107.45,4591277
2021-01-25 00:00:00-05:00,203.265,203.8,199.3,203.32,13275794,39.63,39.75,38.42,38.9,15099430,31.13,31.24,29.73,29.97,13957381,106.59,109.5,104.655,108.0661,3102110
2021-01-26 00:00:00-05:00,205.34,208.35,201.79,202.0,10386132,39.26,39.64,38.98,39.31,9517290,30.16,30.31,29.54,29.59,7351533,109.25,109.95,105.58,105.95,1817462
2021-01-27 00:00:00-05:00,196.9,199.47,191.8504,194.03,18535235,38.63,39.2254,38.1609,38.54,16468079,28.96,29.13,27.8138,28.37,9607907,104.0,105.77,100.19,100.8,3307619
2021-01-28 00:00:00-05:00,198.045,200.42,196.0,197.12,9143944,39.55,40.37,38.99,40.07,18451856,28.98,29.91,28.7916,29.55,7077788,102.095,104.8,99.0,102.05,2871012
2021-01-29 00:00:00-05:00,198.3,201.57,193.51,194.11,8518134,39.27,39.83,37.74,37.94,11617437,29.38,29.54,28.44,28.55,7264268,102.0,102.78,99.36,99.64,2009272
2021-02-01 00:00:00-05:00,196.0,197.38,192.86,195.67,8413253,38.35,38.4448,37.415,37.81,9836085,28.8,29.4,28.78,29.28,5111872,100.92,102.5806,100.14,101.75,1648208
2021-02-02 00:00:00-05:00,198.98,203.03,198.09,200.92,10692883,38.55,38.88,37.99,38.81,11136997,29.87,31.1398,29.76,30.65,8390652,103.75,107.05,103.1255,106.1,2321291
2021-02-03 00:00:00-05:00,202.0,208.16,201.2606,207.29,11447219,38.87,39.9,38.7,39.76,11841428,30.83,31.129,30.55,30.89,4380672,106.7,109.48,106.02,108.43,1916540
2021-02-04 00:00:00-05:00,209.87,212.48,208.02,210.67,11487268,39.95,41.07,39.94,40.94,10704648,31.16,32.54,31.1,32.48,7984165,109.28,110.19,106.53,108.69,2237618
2021-02-05 00:00:00-05:00,212.25,213.1988,206.66,207.86,8593184,41.38,41.4,40.75,41.1489,8644157,33.0,34.66,32.945,34.24,10394879,112.08,119.5,111.91,117.02,5169753
2021-02-08 00:00:00-05:00,209.55,211.99,208.3,211.9499,9748029,41.55,43.4597,41.36,43.23,17017724,34.93,35.7,34.51,35.6,8204834,114.85,117.95,113.55,117.55,2672314
2021-02-09 00:00:00-05:00,210.6,216.73,208.9027,215.17,13176444,42.96,42.96,41.81,42.51,9878911,35.31,36.195,34.88,35.83,7667129,115.8,117.02,113.06,113.26,5005580
2021-02-10 00:00:00-05:00,215.65,217.49,211.12,212.0,11184594,42.84,43.22,42.16,42.91,11151668,36.04,36.7,35.58,36.53,11590448,114.5,119.81,114.07,116.44,4976812
2021-02-11 00:00:00-05:00,212.235,213.99,208.5709,210.53,6875330,42.7,43.135,41.995,42.72,8054673,35.68,36.35,34.69,35.3,9144612,116.44,116.89,113.0,114.55,2358866
2021-02-12 00:00:00-05:00,210.36,213.16,209.67,210.98,5338931,42.51,43.94,42.41,43.29,10933651,35.41,35.99,34.8201,35.94,6021863,114.68,118.2,113.5,117.85,2007211
2021-02-16 00:00:00-05:00,213.08,217.4,212.3301,217.18,9273718,43.99,44.81,43.78,44.65,12632332,35.7,36.04,34.97,35.0,10504536,119.79,123.51,118.8,121.405,3247676
2021-02-17 00:00:00-05:00,215.52,218.71,212.68,215.61,8822141,44.28,44.5,43.535,44.38,10499774,35.0,36.0,34.3076,34.94,9805985,121.11,124.0,119.3501,122.1,2086589
2021-02-18 00:00:00-05:00,213.45,214.34,208.08,208.58,8729558,43.8,44.545,43.37,44.39,7913360,34.55,35.44,34.11,35.05,6592524,120.49,122.01,117.51,119.95,1923570
2021-02-19 00:00:00-05:00,209.97,217.64,209.15,217.47,11874692,44.62,46.22,44.55,45.68,13928670,35.25,36.51,35.11,36.42,7734620,120.55,124.37,120.5,123.69,2234538
2021-02-22 00:00:00-05:00,211.89,220.39,210.8,212.89,20121408,46.75,48.93,46.47,47.75,20379213,36.5,38.8,36.47,37.53,11086577,124.77,131.97,124.54,126.74,3968907
2021-02-23 00:00:00-05:00,214.15,214.75,206.6,212.13,15488537,48.13,48.875,45.7,48.34,18484901,38.5,39.91,37.3,39.59,14575023,130.055,138.26,125.675,136.48,6884086
2021-02-24 00:00:00-05:00,212.1,229.61,211.6,229.33,29794061,48.93,50.2,48.62,49.58,16582439,39.11,39.24,38.39,38.62,14353586,136.58,137.39,132.08,134.21,3015441
2021-02-25 00:00:00-05:00,227.8,228.5,214.71,216.4,18010073,49.97,50.0,47.225,48.25,15166542,38.84,38.95,36.445,36.71,12935435,134.0,135.74,127.2,128.62,2618061
2021-02-26 00:00:00-05:00,218.51,220.66,211.29,212.01,12067875,47.7,49.14,47.28,47.945,13664524,37.67,38.47,36.77,37.8,11763069,129.2575,132.94,128.17,131.73,1952323
2021-03-01 00:00:00-05:00,219.6,226.98,219.02,224.3094,17986585,49.47,49.959,48.06,48.06,12992251,38.6,38.6597,37.29,38.29,6789136,135.4131,135.85,131.2,131.78,1814753
2021-03-02 00:00:00-05:00,224.79,227.19,222.15,223.09,10471749,48.1,48.6799,47.38,48.23,10894096,37.79,38.9,37.65,38.53,8146232,133.29,135.19,131.845,132.88,1337391
2021-03-03 00:00:00-05:00,226.36,235.4,225.04,228.55,29773812,48.62,49.085,48.14,48.35,13148955,39.03,39.64,38.34,38.84,7867026,136.2706,139.48,133.75,135.59,3371857
2021-03-04 00:00:00-05:00,232.73,237.1027,218.7,224.7,25891174,48.32,48.41,45.32,46.97,17149993,38.9,39.3,35.85,37.29,11792799,136.0907,136.36,126.83,132.98,3265513
2021-03-05 00:00:00-05:00,229.01,229.92,213.8,223.22,18842267,46.91,47.0,43.01,46.21,20051122,37.47,37.55,34.14,37.13,10345913,133.69,133.9,126.175,133.325,3200656
2021-03-08 00:00:00-05:00,226.67,229.89,223.71,223.91,13346662,46.93,48.22,46.7,47.88,16465106,37.57,38.64,36.78,37.85,8330108,134.573,137.2,133.51,133.68,1820845
2021-03-09 00:00:00-05:00,226.81,234.06,222.5801,230.62,20135539,47.96,48.08,46.34,47.61,11218498,38.35,38.43,37.295,37.48,5249694,136.89,136.89,133.03,134.0,1251923
2021-03-10 00:00:00-05:00,233.81,246.8,232.88,245.3237,26494630,47.65,48.575,47.16,47.8,10175389,37.57,38.09,37.08,37.64,5672504,134.18,136.68,133.5303,134.84,1444751
2021-03-11 00:00:00-05:00,248.77,256.65,246.55,251.99,29143879,48.21,48.96,47.58,48.32,10243191,37.75,40.4864,37.69,39.18,11674852,135.95,142.61,134.8,137.84,3071133
2021-03-12 00:00:00-05:00,253.86,269.72,253.5,269.12,33531089,48.35,49.86,48.08,49.84,12762005,38.91,39.65,38.63,38.97,7444811,137.5,139.41,136.0,137.02,1779639
2021-03-15 00:00:00-04:00,274.15,278.5671,264.33,265.59,32941880,50.86,52.28,50.75,50.98,18495012,40.98,42.04,40.35,40.95,12455725,139.82,143.88,139.1,139.8,3223683
2021-03-16 00:00:00-04:00,263.23,264.17,254.02,255.2001,27967911,51.04,51.14,49.03,49.39,13714673,40.9,40.92,39.445,39.9,7431246,140.67,140.67,135.1717,137.48,2026411
2021-03-17 00:00:00-04:00,254.7,263.61,253.68,263.52,22712896,49.03,50.64,49.01,50.45,13010512,39.63,41.36,39.63,41.22,5772860,135.35,140.05,135.11,139.9,1103284
2021-03-18 00:00:00-04:00,261.32,267.3693,254.73,256.16,23775867,50.0799,50.98,48.93,49.18,12058059,41.15,41.29,39.5,39.51,7787356,139.99,140.0,134.8,135.65,1760504
2021-03-19 00:00:00-04:00,257.75,258.88,251.31,255.82,14480944,49.04,49.21,47.83,48.9999,10460765,39.59,40.45,38.81,40.03,6319612,135.41,136.0,131.24,135.48,2161140
2021-03-22 00:00:00-04:00,255.82,257.6699,250.16,251.18,14600290,48.53,48.62,47.745,47.95,9430906,40.09,40.1,38.76,39.02,6181393,135.11,135.33,131.3201,132.8,1412384
2021-03-23 00:00:00-04:00,249.32,251.3,239.43,241.28,20578759,47.16,47.83,45.45,45.64,12255619,38.57,38.98,37.0911,37.33,8595705,129.6,131.215,124.3707,125.18,3154371
2021-03-24 00:00:00-04:00,243.44,248.8,239.11,239.11,22939267,46.53,47.3999,45.585,45.61,11044962,37.82,38.6,36.8,36.89,8633699,125.98,130.365,125.0,125.16,2021194
2021-03-25 00:00:00-04:00,234.05,247.58,231.7,247.37,26380547,44.85,47.215,44.52,47.0,13295129,35.98,38.03,35.57,37.96,9089252,121.794,129.04,120.81,128.12,1912257
2021-03-26 00:00:00-04:00,249.62,250.9,240.3,244.88,15736483,47.6,47.94,46.56,47.66,10577866,38.13,38.24,36.52,37.665,6681725,129.75,130.245,123.43,127.29,1518717
2021-03-29 00:00:00-04:00,251.38,254.71,248.03,250.65,20610929,47.55,48.1,46.71,47.32,8606469,37.55,37.69,36.65,37.14,7450286,126.23,127.7229,122.75,123.5,1629738
2021-03-30 00:00:00-04:00,251.24,253.5,248.91,252.16,11664963,47.75,49.04,47.42,48.91,9753004,37.15,38.38,37.17,38.22,4852743,123.75,126.87,123.05,125.43,1405888
2021-03-31 00:00:00-04:00,254.7,257.88,253.36,254.75,13295197,48.84,49.02,48.11,48.3,7777416,38.18,38.45,37.815,37.99,5934739,125.06,126.28,123.75,125.45,1378294
2021-04-01 00:00:00-04:00,256.67,257.88,251.31,252.97,10464118,48.5,49.21,48.28,48.83,8977647,38.25,39.705,37.98,39.7,7771445,126.8865,130.3699,126.28,128.1,2105974
2021-04-05 00:00:00-04:00,256.56,260.48,256.25,259.4508,12960411,49.54,50.98,49.47,50.25,13574727,41.38,42.629,41.0,41.7,13001478,131.9,134.23,130.59,131.03,2522354
2021-04-06 00:00:00-04:00,257.91,259.35,254.6643,255.13,10790854,50.66,51.81,50.54,51.65,13790511,41.75,42.74,41.42,41.52,8264433,133.11,137.43,132.53,136.44,3631578
2021-04-07 00:00:00-04:00,255.37,255.9,250.83,252.51,9384004,51.74,51.82,50.03,50.2,11533003,41.45,41.61,40.73,41.1,5936528,135.77,136.59,131.1,132.67,2559328
2021-04-08 00:00:00-04:00,251.73,254.95,249.31,254.87,9230625,49.82,50.21,49.14,49.81,11759636,41.12,42.24,40.51,42.15,7619628,132.95,133.57,131.17,133.47,1555467
2021-04-09 00:00:00-04:00,250.51,252.8399,249.438,252.315,11280870,49.86,49.81,48.83,49.27,8976339,42.14,42.1099,41.14,41.76,4486867,132.05,132.67,129.89,131.39,1554834
2021-04-12 00:00:00-04:00,250.65,251.55,246.29,249.57,9627482,49.06,49.14,48.17,48.82,9935956,41.58,41.6,40.67,41.17,4858466,131.0,131.425,128.88,129.93,1169950
2021-04-13 00:00:00-04:00,248.33,254.4873,246.1,253.13,14864207,47.45,48.4999,46.57,48.25,15226359,40.62,41.34,39.8437,40.98,8035828,128.32,130.29,125.36,129.88,1687075
