,AAPL,AAPL,AAPL,AAPL,AAPL,AMZN,AMZN,AMZN,AMZN,AMZN,BRK.A,BRK.A,BRK.A,BRK.A,BRK.A,MSFT,MSFT,MSFT,MSFT,MSFT
,open,high,low,close,volume,open,high,low,close,volume,open,high,low,close,volume,open,high,low,close,volume
time,,,,,,,,,,,,,,,,,,,,
2020-03-17 00:00:00-04:00,247.51,257.61,238.4,252.85,151273870,1776.0,1857.775,1689.2402,1807.38,20134204,275000.0,280619.12,268000.0,280619.12,1203,140.0,147.4998,135.0,146.57,72989148
2020-03-18 00:00:00-04:00,239.77,250.0,237.12,249.0,62337123,1750.0,1841.66,1745.0,1832.39,7949578,266000.06,270874.0,251101.0,258927.0,1215,138.0,146.0,135.02,142.13,66830974
2020-03-19 00:00:00-04:00,247.385,252.84,242.61,244.78,61569852,1858.33,1945.0,1832.65,1880.5,9312968,251100.0,264440.0,250000.0,261690.0,1132,142.77,150.15,139.0,142.67,143007530
2020-03-20 00:00:00-04:00,247.18,251.83,228.0,228.74,83656772,1925.0,1957.0,1820.73,1846.09,9098838,265000.0,265000.0,251000.0,254600.0,1130,146.01,147.1,135.86,136.77,79911281
2020-03-23 00:00:00-04:00,228.08,228.4997,212.61,223.43,77575565,1827.75,1919.4,1812.0,1902.54,7171193,249000.0,250000.0,239440.0,242000.0,1291,137.01,140.57,132.52,135.56,70948783
2020-03-24 00:00:00-04:00,236.36,247.69,234.3,246.88,64013339,1951.31,1955.0,1900.3403,1940.0,6411717,255225.5,268500.0,254500.0,267090.0,1207,143.75,149.6,141.27,148.34,71620681
2020-03-25 00:00:00-04:00,250.82,258.25,244.3,245.465,67944382,1920.69,1950.26,1885.78,1885.78,5985263,269200.0,283325.0,262710.0,269409.75,936,148.91,154.33,144.44,146.85,65917270
2020-03-26 00:00:00-04:00,246.52,258.68,246.36,258.48,54641901,1902.0,1956.49,1889.29,1955.225,5377163,270800.0,277162.75,269500.0,276095.0,755,148.4,156.66,148.37,156.11,53636552
2020-03-27 00:00:00-04:00,252.75,255.87,247.05,247.62,45641532,1931.0,1939.79,1899.92,1899.92,4672178,267600.0,276362.75,265337.34,269350.0,592,151.75,154.89,149.2,149.61,48247560
2020-03-30 00:00:00-04:00,250.74,255.52,249.4,254.79,37524398,1922.48,1973.63,1912.34,1964.78,5244822,269410.0,276000.0,267020.47,275052.5,425,152.44,160.6,150.01,160.3,113344210
2020-03-31 00:00:00-04:00,255.6,262.49,252.0,254.3,41083385,1964.35,1993.02,1944.01,1949.79,4471543,272635.5,279140.0,270845.28,274010.0,486,159.44,164.78,156.56,157.64,66265405
2020-04-01 00:00:00-04:00,246.5,248.72,239.13,240.76,39826068,1933.0,1944.96,1893.0,1906.58,3729348,265900.0,267850.0,261180.0,264000.0,856,153.0,157.75,150.82,151.94,51267295
2020-04-02 00:00:00-04:00,240.34,245.15,236.9,244.93,75974814,1901.64,1927.5258,1890.0,1918.83,8042698,262130.95,270000.0,261894.98,269905.0,864,151.86,155.48,150.36,155.26,44283455
2020-04-03 00:00:00-04:00,242.8,245.7,238.9741,241.43,29119767,1911.15,1926.33,1889.15,1906.6,3159348,268700.0,270204.9,263242.03,267551.1,292,155.1,157.38,152.19,153.8201,36820781
2020-04-06 00:00:00-04:00,250.9,263.11,249.38,262.285,43802547,1936.0,1998.52,1930.02,1998.49,5120376,273001.0,279500.0,271444.0,277260.0,641,160.17,166.5,157.58,165.27,110309126
2020-04-07 00:00:00-04:00,270.8,271.7,259.0,259.385,47214898,2017.26,2035.72,1997.62,2011.6,4710631,285010.0,287000.0,277455.0,277820.0,716,169.59,170.0,163.26,163.49,113427660
2020-04-08 00:00:00-04:00,262.74,267.37,261.23,266.04,36519701,2021.0,2044.0,2011.15,2042.9,3693156,280850.0,287000.0,278280.0,286400.0,395,165.67,166.67,163.5,165.11,42992534
2020-04-09 00:00:00-04:00,268.7,270.07,264.7,267.96,37508554,2046.0,2053.0,2017.66,2042.82,4188295,290950.0,295764.66,287220.0,290595.0,552,166.36,167.37,163.33,165.19,45817799
2020-04-13 00:00:00-04:00,268.31,273.7,265.83,273.23,30530102,2039.87,2180.0,2038.0,2168.01,6310824,290950.0,290950.0,279060.0,283000.0,565,164.35,165.57,162.3,165.51,74408746
2020-04-14 00:00:00-04:00,280.0,288.25,278.05,287.07,88126631,2200.47,2292.0,2186.21,2283.31,15168337,291400.0,291533.34,286392.75,289212.0,669,169.0,173.75,168.0,173.7,92927769
2020-04-15 00:00:00-04:00,282.4,286.33,280.63,284.45,54896950,2257.68,2333.369,2245.0,2309.27,12634637,284500.0,284500.0,281201.0,283250.0,577,171.2,173.57,169.24,171.94,105538921
2020-04-16 00:00:00-04:00,287.38,288.1975,282.3502,286.72,103289014,2346.0,2460.998,2335.0,2408.19,33024507,283750.0,283751.0,278800.0,281640.0,781,174.3,177.28,172.9,177.07,167649296
2020-04-17 00:00:00-04:00,284.69,286.945,276.86,282.74,189543675,2372.33,2400.0,2316.02,2372.87,27969629,289585.0,289585.0,283600.0,286865.0,830,179.5,180.0,175.87,178.6,132389675
2020-04-20 00:00:00-04:00,277.95,281.68,276.85,276.85,86952157,2389.95,2444.98,2386.05,2393.08,15428327,282200.0,283800.0,281000.0,282531.0,737,176.63,178.75,174.99,174.99,95940393
2020-04-21 00:00:00-04:00,276.28,277.25,265.43,268.36,120805673,2416.61,2428.3098,2279.66,2329.36,20725717,275950.0,278609.9,275000.0,275510.0,667,173.5,173.6699,166.1102,167.67,197600120
2020-04-22 00:00:00-04:00,273.61,277.58,272.2,276.09,95665531,2369.0,2394.0,2351.0,2366.54,13904142,280000.0,280888.0,278000.1,279430.0,625,171.39,173.97,170.82,173.725,79218493
2020-04-23 00:00:00-04:00,275.87,281.75,274.87,274.87,55290604,2399.98,2424.22,2382.08,2399.44,8913313,280000.0,280888.0,277267.66,279185.0,591,174.11,175.06,170.91,171.43,113212881
2020-04-24 00:00:00-04:00,277.2,283.01,277.0,282.95,84909438,2417.0,2420.433,2382.0,2410.0,10481568,280100.0,280130.0,276601.5,279460.0,543,172.06,174.56,170.71,174.54,86312145
2020-04-27 00:00:00-04:00,281.8,284.54,279.95,283.25,52652760,2443.2,2444.88,2363.0,2376.82,10185891,280910.94,284039.0,279855.0,281032.0,773,176.59,176.9,173.3,174.03,58799715
2020-04-28 00:00:00-04:00,285.08,285.83,278.2,278.57,24567863,2372.1,2373.5,2306.0,2314.08,4643171,285400.0,286479.9,280600.0,280660.0,585,175.59,175.67,169.39,169.79,29678984
2020-04-29 00:00:00-04:00,284.73,289.67,283.89,287.83,57520384,2330.01,2391.89,2310.0,2371.88,7930384,286400.0,288888.0,283800.0,283800.0,762,173.22,177.68,171.88,177.3,39984236
2020-04-30 00:00:00-04:00,289.96,294.53,288.35,293.99,34380486,2419.84,2471.5,2396.01,2471.5,6873149,283200.0,284452.5,280280.0,280891.0,495,180.0,180.4,176.23,179.22,89953339
2020-05-01 00:00:00-04:00,286.25,299.0,285.85,289.07,112571771,2336.8,2362.44,2258.1902,2285.94,18176321,278121.0,278710.0,272520.0,274152.0,573,175.8,178.64,174.01,174.5,33950716
2020-05-04 00:00:00-04:00,289.17,293.69,286.3172,293.17,31026388,2256.38,2326.98,2256.38,2315.99,4478248,270000.0,270000.0,265000.0,267400.0,607,174.49,179.0,173.8,178.84,53648238
2020-05-05 00:00:00-04:00,295.06,301.0,294.46,297.78,68730265,2340.0,2351.0,2307.125,2317.64,5909618,269999.0,270000.0,264307.25,264500.0,456,180.62,183.65,179.9,180.76,33345354
2020-05-06 00:00:00-04:00,300.46,303.24,298.87,300.5,33168366,2329.44,2357.45,2320.0,2350.97,2897787,265000.0,266400.0,259230.0,259233.84,514,182.08,184.2,181.6306,182.49,58901458
2020-05-07 00:00:00-04:00,303.22,305.17,301.97,303.75,52106578,2374.78,2376.0,2343.11,2367.61,5882764,260110.0,263710.0,260110.0,260600.0,381,184.17,186.5,182.58,183.6078,48490207
2020-05-08 00:00:00-04:00,305.64,310.29,304.29,310.1484,30509246,2372.14,2387.2449,2357.0,2379.5,2751843,264565.94,266105.0,261990.0,265160.0,301,184.9797,185.0,183.36,184.68,25074514
2020-05-11 00:00:00-04:00,308.1,317.05,307.24,315.005,34252219,2374.7,2419.665,2372.11,2406.9375,2942003,264320.0,264397.75,260901.0,262215.0,450,183.15,187.51,182.85,186.65,50846893
2020-05-12 00:00:00-04:00,317.83,319.688,310.91,311.51,72568708,2411.85,2419.0,2355.61,2357.505,5466390,262701.0,263800.0,260000.0,260000.0,305,186.8,187.04,182.35,182.38,25981524
2020-05-13 00:00:00-04:00,312.15,315.95,303.21,307.68,46896514,2366.8,2407.7,2337.805,2366.17,4474923,259499.0,259499.0,255000.0,256070.0,586,182.55,184.05,176.54,179.78,77983499
2020-05-14 00:00:00-04:00,304.51,309.79,301.53,309.7,36192573,2361.01,2391.37,2353.21,2391.37,3179099,254000.0,257261.98,250926.02,256160.02,399,177.54,180.69,175.68,180.61,67951569
2020-05-15 00:00:00-04:00,300.35,307.9,300.21,307.74,38430814,2368.52,2411.0,2356.37,2410.41,3788139,254585.95,256100.0,252801.23,253905.0,263,179.06,187.06,177.0,183.39,73296528
2020-05-18 00:00:00-04:00,313.17,316.5,310.3241,314.89,58756477,2404.3457,2433.0,2384.01,2426.38,8093054,260000.0,265002.0,258510.55,263205.0,618,185.75,186.2,183.96,184.9,30231512
2020-05-19 00:00:00-04:00,315.03,318.52,313.01,313.01,23453139,2429.83,2484.995,2428.97,2448.59,4098905,260800.0,262200.0,258700.0,258700.0,289,185.03,186.59,183.49,183.5,23888140
2020-05-20 00:00:00-04:00,316.68,319.52,316.2,319.16,49657449,2477.87,2500.01,2467.27,2497.35,7341200,261880.0,265130.0,261500.0,264100.0,256,184.81,185.85,183.94,185.66,51732326
2020-05-21 00:00:00-04:00,318.66,320.89,315.87,317.04,46099960,2500.0,2525.45,2442.54,2448.01,9538349,264200.0,264930.0,261640.56,262490.0,321,185.4,186.67,183.3,183.49,25273422
2020-05-22 00:00:00-04:00,315.77,319.23,315.35,318.89,37592751,2455.01,2469.85,2430.13,2436.89,5253352,262000.0,262740.0,259990.0,262740.0,254,183.19,184.46,182.54,183.51,18361237
2020-05-26 00:00:00-04:00,323.5,324.24,316.5,316.84,27609402,2458.0,2462.0,2414.06,2423.7,3153936,269900.0,272500.0,268095.0,270220.0,564,186.34,186.5,181.1,181.56,28773423
2020-05-27 00:00:00-04:00,316.14,318.71,313.09,318.08,24944652,2404.99,2413.58,2330.0,2409.51,4754020,276755.0,278999.7,275850.0,278650.0,480,180.2,181.9877,176.6,181.81,34654683
2020-05-28 00:00:00-04:00,316.77,323.44,315.63,318.15,28935286,2384.33,2436.97,2378.23,2401.05,2866537,280899.0,280899.0,276000.0,277994.0,325,180.74,184.1474,180.38,181.27,54218236
2020-05-29 00:00:00-04:00,319.25,321.15,316.47,318.76,56248101,2415.94,2439.0,2398.1973,2436.53,5483326,275000.0,278545.0,273850.0,278040.0,322,182.73,184.27,180.41,183.96,29098645
2020-06-01 00:00:00-04:00,317.75,322.35,317.21,321.76,37704502,2448.0,2476.93,2444.17,2470.12,5441594,278167.0,278167.0,275000.0,275800.0,309,182.54,183.0,181.46,182.86,20137325
2020-06-02 00:00:00-04:00,320.745,323.44,318.93,323.42,37968664,2467.0,2473.53,2445.31,2473.3,4430214,275601.0,279410.0,275601.0,278850.0,375,184.25,185.0,181.35,185.0,50070219
2020-06-03 00:00:00-04:00,324.66,326.1,322.3,325.09,45506089,2468.01,2488.0,2461.17,2478.4,4700140,283100.0,287370.0,281800.0,286368.0,447,184.815,185.94,183.58,185.36,22722209
2020-06-04 00:00:00-04:00,324.39,325.62,320.78,322.25,38930216,2477.43,2507.54,2450.01,2460.6,5957350,285804.0,288000.0,284377.34,288000.0,318,184.3,185.84,182.3,182.95,49455619
2020-06-05 00:00:00-04:00,323.35,331.75,323.23,331.54,29572650,2444.51,2488.645,2437.13,2481.415,2821697,294505.0,302095.06,294200.0,301000.0,673,182.62,187.73,182.01,187.5,66044279
2020-06-08 00:00:00-04:00,330.25,333.5,327.32,333.4402,20899464,2500.2,2530.0,2487.335,2522.8,3362615,303594.0,304990.0,299400.0,302431.0,610,185.94,188.55,184.44,188.47,52985040
2020-06-09 00:00:00-04:00,332.14,345.61,332.01,344.32,66753163,2529.44,2626.43,2525.0,2603.39,9564493,295501.0,298220.0,293799.06,294000.0,428,188.0,190.7,187.2605,190.07,51414137
2020-06-10 00:00:00-04:00,347.9,354.77,346.09,352.78,76721048,2645.0,2722.35,2626.26,2648.16,9144811,293900.0,294493.0,287200.0,287200.0,403,191.125,198.52,191.01,196.82,39155761
2020-06-11 00:00:00-04:00,349.31,351.06,335.59,336.08,44058913,2603.5,2671.38,2536.23,2558.47,5177179,277750.0,280280.0,267000.0,267200.0,909,193.13,195.76,186.24,186.47,88735679
2020-06-12 00:00:00-04:00,344.72,347.8,337.63,337.655,26008570,2601.21,2621.4766,2566.0,2566.705,2752912,275730.0,276800.0,268375.56,268543.12,294,190.54,191.72,188.13,188.14,10546675
2020-06-15 00:00:00-04:00,333.25,344.8,332.58,342.99,62285020,2526.6,2584.0,2508.0,2572.62,6856018,266400.0,272530.0,264030.0,272000.0,820,184.58,190.82,184.01,189.09,27287668
2020-06-16 00:00:00-04:00,351.46,353.2,344.72,352.26,36742302,2620.0,2620.0,2576.0,2615.13,3175918,279945.0,279945.0,270000.0,273659.0,926,192.89,195.58,191.46,193.67,34909883
2020-06-17 00:00:00-04:00,355.15,355.4,351.09,351.2438,50065784,2647.5,2655.0,2631.82,2641.72,5090473,274849.0,274849.0,270870.06,271300.03,613,195.03,196.32,193.69,194.2,21175962
2020-06-18 00:00:00-04:00,351.41,353.45,349.22,351.59,21375772,2647.01,2659.64,2636.11,2655.0,2114206,270500.0,272100.0,269300.0,271660.0,561,194.0,196.49,194.0,196.32,37860859
2020-06-19 00:00:00-04:00,354.635,356.56,345.15,349.55,90845598,2678.08,2697.43,2659.0,2671.86,8507797,274160.0,274429.0,268807.25,270405.0,574,198.59,199.29,194.37,195.03,69471150
2020-06-22 00:00:00-04:00,351.34,359.46,351.15,358.93,30845663,2684.5,2713.98,2669.0,2712.0,2754781,269047.25,271200.0,268200.0,271059.0,622,195.79,200.76,195.2301,200.58,26980577
2020-06-23 00:00:00-04:00,364.0,372.37,362.2701,366.37,50255788,2726.02,2783.11,2718.04,2764.42,3945888,272750.0,273789.84,271115.0,272350.0,638,202.09,203.95,201.425,201.889,27611231
2020-06-24 00:00:00-04:00,365.0,368.79,358.52,360.06,44983139,2780.0,2796.0,2721.0,2733.49,4148702,269800.0,269800.0,266200.0,266340.0,734,201.6043,203.25,196.56,197.84,30960564
2020-06-25 00:00:00-04:00,360.7,365.0,357.57,364.88,32015338,2739.55,2756.23,2712.14,2756.16,2695963,265000.0,269678.28,264611.06,268236.0,364,197.8,200.61,195.4675,200.36,23934120
2020-06-26 00:00:00-04:00,364.41,365.32,353.02,353.69,40859277,2775.056,2782.5688,2688.0,2692.87,5446380,267500.0,268108.6,262700.0,263754.5,718,199.73,199.89,194.88,196.33,37651876
2020-06-29 00:00:00-04:00,353.25,362.1736,351.28,362.0,29154717,2690.01,2696.8,2630.08,2681.52,3895727,264320.0,265802.75,263600.0,265395.0,393,195.78,198.53,193.55,198.5,22635986
2020-06-30 00:00:00-04:00,360.08,365.98,360.0,364.6,28884259,2685.065,2769.63,2675.03,2756.09,3188724,265400.0,268600.0,265067.25,267770.0,490,197.8816,204.4,197.74,203.5,26157887
2020-07-01 00:00:00-04:00,365.12,367.36,363.91,364.01,25429807,2757.99,2895.0,2754.0,2879.2,6112148,267600.0,270500.0,266356.6,266910.0,390,203.14,206.35,201.77,204.66,26758698
2020-07-02 00:00:00-04:00,367.85,370.47,363.65,364.12,25332853,2912.01,2955.56,2871.102,2887.56,6173373,270800.0,271500.0,267420.0,268170.0,449,205.68,208.02,205.0,206.21,25117323
2020-07-06 00:00:00-04:00,370.0,375.78,369.87,373.81,26084791,2934.97,3059.88,2930.0,3057.16,6493685,274180.0,275080.0,272600.0,274050.0,563,208.8335,211.13,208.09,210.69,26520093
2020-07-07 00:00:00-04:00,375.41,378.62,372.23,372.64,24610596,3058.55,3069.55,2990.0,3000.12,4875944,272830.0,273870.0,271057.25,271447.25,415,210.45,214.67,207.99,208.24,28760244
2020-07-08 00:00:00-04:00,376.72,381.5,376.36,381.44,26025692,3022.61,3083.97,3012.4302,3081.88,4687637,271000.0,273663.7,270075.9,272169.5,273,210.07,213.26,208.69,212.84,28227213
2020-07-09 00:00:00-04:00,385.05,393.91,378.69,382.6599,29212120,3115.99,3193.88,3074.0017,3183.81,6101864,271770.0,272220.0,267307.0,268947.0,414,216.33,216.38,211.47,214.4,29002968
2020-07-10 00:00:00-04:00,381.34,383.92,378.8207,383.52,20333748,3191.76,3215.0,3135.7,3203.36,5135404,268237.5,274450.0,268000.0,274400.0,323,213.62,214.08,211.08,213.65,23260516
2020-07-13 00:00:00-04:00,389.06,399.82,381.03,381.91,43528308,3251.06,3344.29,3068.3901,3101.55,7304358,275540.0,278640.0,275100.0,276268.0,496,214.48,215.8,206.5,207.1,33360005
2020-07-14 00:00:00-04:00,379.36,389.02,375.51,388.21,37043531,3089.0,3127.38,2950.0,3084.02,6842135,274000.0,285000.0,274000.0,285000.0,448,206.13,208.85,202.03,208.39,33022403
2020-07-15 00:00:00-04:00,395.96,396.99,385.96,390.91,35722109,3080.23,3098.35,2973.1802,3008.87,5493280,289500.0,289730.0,283620.0,285990.0,451,209.56,211.33,205.03,208.05,28638402
2020-07-16 00:00:00-04:00,386.25,389.62,383.62,385.72,24614253,2971.06,3032.0,2918.23,2994.55,5979324,282560.0,287770.0,282560.0,286106.44,253,205.4,205.7,202.31,203.88,26229978
2020-07-17 00:00:00-04:00,387.95,388.59,383.36,385.15,20185278,3009.0,3024.0,2948.45,2961.47,4387781,287540.0,288170.0,285972.25,286253.0,261,204.47,205.04,201.39,202.87,27682275
2020-07-20 00:00:00-04:00,385.665,394.0,384.25,393.43,19422805,3000.2,3201.3599,2994.017,3195.01,7081997,285400.0,286900.0,284450.0,285980.0,224,205.0,212.3,203.01,211.49,30212430
2020-07-21 00:00:00-04:00,396.69,397.0,386.97,388.0,23389568,3232.49,3240.5757,3105.72,3141.43,5766866,286720.94,290170.0,286600.0,288201.0,475,213.66,213.94,208.03,208.75,32788138
2020-07-22 00:00:00-04:00,386.77,391.9,386.41,389.09,18899399,3125.0,3150.0,3065.26,3100.23,3731096,287000.0,288319.0,286210.6,288130.0,237,209.2,212.3,208.39,211.7533,38475627
2020-07-23 00:00:00-04:00,387.9935,388.31,369.64,371.56,25747322,3098.2712,3098.2712,2977.9639,2987.725,3491415,287961.0,290084.25,287435.84,289813.0,149,207.19,210.92,202.19,202.6,44102464
2020-07-24 00:00:00-04:00,363.95,371.88,356.58,370.42,43883515,2930.0,3031.58,2888.0,3008.92,5356527,290684.0,294254.0,290521.0,291869.62,346,200.42,202.86,197.51,201.3,36899369
2020-07-27 00:00:00-04:00,374.84,379.62,373.92,379.215,26920001,3062.0,3098.0,3015.77,3053.89,3843776,290590.0,290692.0,287850.0,288212.0,342,201.47,203.97,200.86,203.85,25380708
2020-07-28 00:00:00-04:00,377.47,378.1986,372.99,373.04,23023333,3054.27,3077.0925,2995.76,2999.62,2874548,286000.0,291719.84,286000.0,291031.0,480,203.61,204.7,201.74,201.74,20736836
2020-07-29 00:00:00-04:00,375.0,380.92,374.85,380.27,20387893,3030.99,3039.1592,2996.77,3034.27,2761363,290940.0,294870.0,290940.0,294500.0,480,202.5,204.65,202.01,204.06,17736721
2020-07-30 00:00:00-04:00,376.75,385.19,375.07,384.88,29577510,3014.0,3092.0,3005.0,3052.65,4619962,290335.06,291927.0,288610.5,291362.0,486,201.0,204.46,199.57,203.89,22636526
2020-07-31 00:00:00-04:00,411.535,425.66,403.3,425.19,86940020,3244.0,3246.82,3151.0,3164.68,7390222,291750.0,293798.0,290150.0,293656.0,504,204.4,205.1,199.01,205.1,41856673
2020-08-03 00:00:00-04:00,432.8,446.5457,431.57,435.66,59319804,3180.51,3184.0,3104.0,3111.42,3755142,295000.0,300000.0,294510.0,298775.88,746,211.52,217.64,210.44,216.54,58751854
2020-08-04 00:00:00-04:00,436.53,443.16,433.55,438.81,40871187,3101.21,3167.24,3101.21,3138.82,4498038,298000.0,300330.0,297470.0,300330.0,573,214.17,214.77,210.31,213.35,44497157
2020-08-05 00:00:00-04:00,437.51,441.57,435.59,440.339,27322942,3143.77,3213.586,3127.3,3205.83,3729635,301871.0,306970.0,301200.0,305620.0,1072,214.9,215.0,211.57,212.95,25586251
2020-08-06 00:00:00-04:00,441.62,457.65,439.19,455.88,47755979,3194.36,3247.47,3165.43,3224.35,3776929,305000.0,308000.0,304820.06,307622.0,842,212.34,216.3705,211.55,216.35,28392245
2020-08-07 00:00:00-04:00,452.82,454.7,441.17,444.41,45586418,3224.01,3240.81,3140.6726,3165.75,3698110,305681.0,314365.0,305681.0,314000.0,928,214.85,215.7,210.93,212.44,24613984
2020-08-10 00:00:00-04:00,449.75,452.98,440.0,450.94,40068874,3134.66,3155.33,3101.52,3149.87,2275412,316623.0,319250.0,314240.0,319135.78,736,208.91,210.73,206.35,208.33,24836201
2020-08-11 00:00:00-04:00,447.875,449.93,436.4267,437.51,42368444,3113.2,3159.22,3073.0,3080.67,3384016,322500.0,323499.97,318500.0,318976.0,1032,207.155,207.65,203.14,203.33,31829739
2020-08-12 00:00:00-04:00,441.99,453.1,441.19,452.24,38649102,3108.0,3174.385,3101.42,3161.0,3099388,320255.0,321229.0,318800.56,320329.0,786,205.29,210.28,204.75,209.29,24332646
2020-08-13 00:00:00-04:00,457.72,464.17,455.71,460.03,48059064,3182.99,3217.521,3155.0,3161.02,2859738,318500.0,319810.0,317470.6,318114.0,277,209.44,211.35,208.15,208.72,20253372
2020-08-14 00:00:00-04:00,459.315,460.0,452.18,459.78,38149232,3178.18,3178.2356,3120.0,3148.0,2453638,317300.0,318000.0,315402.25,316500.0,225,208.76,209.59,207.51,208.89,15731496
2020-08-17 00:00:00-04:00,464.25,464.35,455.8501,458.39,25935894,3173.12,3194.97,3154.1775,3181.16,2307380,315139.0,315500.0,309747.0,310480.0,860,209.6,211.1874,208.915,210.2492,16406243
2020-08-18 00:00:00-04:00,457.41,464.0,456.03,462.08,24276411,3212.0,3320.0,3205.8186,3312.49,5011644,310910.0,314800.0,310700.0,312701.0,457,210.53,212.36,209.21,211.48,17160224
2020-08-19 00:00:00-04:00,463.933,468.65,462.44,462.825,33874948,3303.01,3315.9,3256.0,3260.15,3836717,313745.0,315300.0,310412.0,310800.0,580,211.49,212.1,209.25,209.7,21610351
2020-08-20 00:00:00-04:00,463.0,473.568,462.9335,472.83,29389880,3252.0,3312.62,3238.0,3296.05,3010116,307376.0,310107.0,307376.0,309649.0,555,209.54,215.0,208.91,214.55,22242269
2020-08-21 00:00:00-04:00,477.05,499.472,477.0,497.4,79453112,3295.0,3314.3962,3275.39,3284.59,3298563,309000.0,312600.0,309000.0,311401.0,728,213.86,216.25,212.85,213.02,28938393
2020-08-24 00:00:00-04:00,514.79,515.14,495.745,503.79,81260572,3310.15,3380.315,3257.5608,3307.45,4293678,315100.0,320000.0,314501.03,318900.0,872,214.79,215.52,212.43,213.71,21225637
2020-08-25 00:00:00-04:00,498.79,500.7172,492.21,499.31,49337045,3294.99,3357.4,3267.0,3346.05,3781529,320300.0,321001.0,319534.0,320200.0,700,213.1,216.61,213.1,216.4564,19095068
2020-08-26 00:00:00-04:00,504.7165,507.97,500.33,506.19,37949023,3351.11,3451.7388,3344.5674,3442.06,6420990,319599.9,323939.47,318900.0,322190.0,868,217.88,222.09,217.36,221.15,32650657
2020-08-27 00:00:00-04:00,508.57,509.94,495.33,500.04,36378278,3450.05,3453.0,3378.0,3400.7,3948873,323700.0,327000.0,323700.0,325570.0,1148,222.89,231.15,219.4,226.57,53708988
2020-08-28 00:00:00-04:00,504.05,505.77,498.31,498.83,38207206,3423.0,3433.3699,3386.5,3401.8,2555139,325950.0,328279.2,323570.0,328000.0,584,228.18,230.644,226.58,228.94,22496097
2020-08-31 00:00:00-04:00,127.58,131.0,126.0,128.85,199136542,3408.99,3495.0,3405.0,3441.91,3853016,327500.0,329299.2,326900.0,327280.25,913,227.0,228.7,224.31,225.06,22743408
2020-09-01 00:00:00-04:00,132.76,134.8,130.53,134.2,138233208,3489.58,3513.87,3467.0,3500.47,3176312,325500.0,327560.0,325335.6,327560.0,698,225.51,227.45,224.43,227.32,21619677
2020-09-02 00:00:00-04:00,137.59,137.98,127.0,131.22,184800962,3547.0,3552.25,3486.685,3529.34,3607645,328175.0,333010.0,327507.16,332840.0,908,227.97,232.86,227.35,231.46,29757321
2020-09-03 00:00:00-04:00,126.91,128.84,120.5,120.92,227958928,3485.0,3488.41,3303.0,3369.17,7553385,332850.0,334960.0,325470.6,327900.0,1258,229.27,229.31,214.9602,217.3,49536774
2020-09-04 00:00:00-04:00,120.07,123.7,110.89,120.9,308317528,3318.0,3381.5,3111.13,3294.62,8364379,330000.0,332674.4,323364.0,327585.0,863,215.1,218.3599,205.19,214.14,52517540
2020-09-08 00:00:00-04:00,113.95,118.99,112.68,112.83,207475295,3144.0,3250.845,3130.0,3149.84,5531793,324940.0,328859.4,323430.6,327065.6,769,206.5,210.03,202.2,202.65,45494926
2020-09-09 00:00:00-04:00,117.26,119.14,115.26,117.18,154399690,3202.99,3303.175,3185.0,3268.27,4679433,328500.0,332482.0,328175.0,329760.0,790,207.6,214.8399,206.7,211.18,38564566
2020-09-10 00:00:00-04:00,119.5,120.05,112.5,113.48,141520456,3336.52,3349.89,3170.55,3176.12,4143393,330100.0,330350.0,326156.0,326960.0,753,212.46,213.2,204.11,205.38,25334530
2020-09-11 00:00:00-04:00,114.57,115.23,110.0,112.01,168935205,3208.69,3217.3408,3083.98,3117.28,4802863,328240.0,328946.16,325607.0,327115.0,812,207.2,208.63,201.24,204.04,28972254
2020-09-14 00:00:00-04:00,114.72,115.93,112.8,115.3599,123728990,3172.9373,3187.39,3096.0,3102.97,4155895,328430.0,332000.0,327520.6,330056.1,1051,204.24,209.2,204.03,205.3,24505446
2020-09-15 00:00:00-04:00,118.33,118.829,113.61,115.55,171497919,3136.16,3175.02,3108.92,3153.28,3623915,330545.0,332500.0,328015.6,328480.0,353,208.42,209.78,206.93,208.85,17280355
2020-09-16 00:00:00-04:00,115.23,116.0,112.04,112.13,142859370,3179.99,3187.238,3074.15,3077.14,4013159,331000.0,333300.0,329312.0,329735.0,579,210.62,210.65,204.64,204.94,22190641
2020-09-17 00:00:00-04:00,109.72,112.2,108.71,110.32,159638807,3009.25,3029.432,2972.55,3010.56,5878006,327000.0,328224.78,325234.16,326791.0,369,200.05,204.33,199.96,202.96,28217200
2020-09-18 00:00:00-04:00,110.4,110.88,106.09,106.6,208107357,3031.74,3037.8,2905.54,2952.64,7048417,328299.94,331660.0,327000.0,327158.03,537,202.8,203.65,196.25,200.45,42598816
2020-09-21 00:00:00-04:00,104.54,110.19,103.1,110.13,178442044,2906.5,2962.0,2871.0,2962.0,5556010,321265.6,323000.0,313580.0,319816.0,442,197.19,202.71,196.38,202.64,33789607
2020-09-22 00:00:00-04:00,112.68,112.86,109.16,111.8,167185259,3033.835,3133.99,3000.2,3129.0,6434345,320500.0,321999.9,318017.0,321400.0,304,205.06,208.1,202.075,207.38,29316994
2020-09-23 00:00:00-04:00,111.62,112.11,106.77,107.23,131794926,3120.43,3126.999,2992.376,2997.44,5139526,321485.0,322284.4,314540.0,314860.0,217,207.9,208.1,200.03,200.59,25085940
2020-09-24 00:00:00-04:00,105.17,110.25,105.0,108.2015,152123922,2977.79,3069.3,2965.0,3018.58,5243062,313202.75,315500.0,310643.9,313135.0,294,199.85,205.57,199.2,203.18,27541419
2020-09-25 00:00:00-04:00,108.43,112.44,107.67,112.28,137542199,3054.86,3101.54,2999.0,3094.65,4132029,311450.0,316562.0,310591.03,316049.0,176,203.55,209.04,202.54,207.77,25019068
2020-09-28 00:00:00-04:00,114.98,115.32,112.78,115.0,119572328,3148.85,3175.04,3117.1685,3175.04,3460095,319900.0,323297.0,318702.0,320418.0,472,210.95,212.57,208.06,209.61,25144753
2020-09-29 00:00:00-04:00,114.55,115.31,113.57,114.11,89264463,3175.39,3188.26,3132.54,3142.92,2988446,321900.0,321900.0,315200.0,315689.94,1196,209.35,210.07,206.81,207.16,19544440
2020-09-30 00:00:00-04:00,113.77,117.25,113.62,115.61,115978209,3141.14,3212.88,3133.99,3147.425,4021286,318800.0,320500.0,316491.28,319750.0,1183,207.73,211.97,206.54,210.32,23047500
2020-10-01 00:00:00-04:00,117.64,117.72,115.83,116.8,97603139,3208.0,3224.0,3172.0,3222.01,4447323,321219.0,321219.0,316202.5,318141.0,1095,213.41,213.99,211.34,212.46,19324159
2020-10-02 00:00:00-04:00,112.89,115.37,112.22,113.02,122690422,3153.63,3195.7964,3123.0,3125.93,4742517,315415.0,320575.0,314612.25,316940.6,627,208.01,210.99,205.54,206.18,24933552
2020-10-05 00:00:00-04:00,113.92,116.65,113.55,116.54,93972780,3145.84,3202.53,3140.85,3199.2,3257694,319707.0,321000.0,318202.25,318520.0,505,207.25,210.41,206.98,210.37,16429213
2020-10-06 00:00:00-04:00,115.7,116.12,112.25,113.16,142211773,3165.0,3182.0,3090.0,3099.29,4281272,319000.0,320400.0,315100.0,315845.84,550,208.82,210.18,204.82,205.91,21775105
2020-10-07 00:00:00-04:00,114.62,115.51,114.13,115.05,84487218,3135.0,3200.0,3132.385,3192.51,3910789,319000.0,322089.0,317602.25,319860.0,393,207.06,210.0,206.72,209.81,18882800
2020-10-08 00:00:00-04:00,116.27,116.4,114.5901,114.97,74552335,3225.0,3233.2944,3174.99,3190.55,2837992,321125.0,323670.0,320447.25,322757.0,601,210.51,211.19,208.32,210.63,16705317
2020-10-09 00:00:00-04:00,115.28,117.0,114.92,116.98,86041259,3210.0,3288.99,3197.83,3287.82,4342333,323709.0,324510.0,321687.25,323665.94,375,211.475,215.86,211.25,215.81,21433543
2020-10-12 00:00:00-04:00,120.06,125.18,119.2845,124.42,214339341,3349.94,3496.24,3339.55,3442.93,7483386,324650.0,326150.0,323377.75,324509.0,315,218.79,223.86,216.81,221.41,32788186
2020-10-13 00:00:00-04:00,125.27,125.39,119.65,121.05,241006181,3467.09,3492.38,3424.217,3442.64,4939710,324000.0,324000.0,318400.0,318677.25,541,222.42,225.21,220.43,222.83,22734128
2020-10-14 00:00:00-04:00,120.99,123.03,119.62,121.29,135410215,3448.9,3464.88,3340.0,3363.05,5167878,319087.75,319087.75,316301.0,316301.0,565,223.03,224.22,219.13,220.93,18437546
2020-10-15 00:00:00-04:00,118.72,121.2,118.15,120.7453,97361453,3292.01,3355.88,3280.0,3338.62,4399240,314750.0,318200.0,312980.0,317707.0,321,216.95,220.36,216.01,219.66,17503283
2020-10-16 00:00:00-04:00,121.28,121.548,118.81,118.96,100869315,3362.64,3399.6606,3160.0,3160.0,5426210,319000.0,320761.28,318217.0,318434.47,330,220.5,222.29,219.32,219.65,20389051
2020-10-19 00:00:00-04:00,119.96,120.419,115.66,116.0,95733407,3299.61,3329.0,3192.735,3207.3,4104388,318819.06,318819.06,312945.12,313500.0,540,220.415,222.3,213.72,214.24,18867731
2020-10-20 00:00:00-04:00,116.19,118.98,115.63,117.5,108602099,3222.28,3266.0,3192.01,3216.26,3900027,316184.06,317280.0,314620.94,315620.0,313,215.8,217.35,213.0901,214.56,17716951
2020-10-21 00:00:00-04:00,116.67,118.705,116.45,116.86,69861622,3206.26,3233.875,3160.0,3183.6,3568927,313500.0,317500.0,313450.0,315360.0,358,213.12,216.92,213.12,214.785,15789881
2020-10-22 00:00:00-04:00,117.45,118.04,114.59,115.7737,90327115,3188.41,3198.75,3121.955,3177.4,3584321,314680.0,317619.0,314380.0,317497.0,315,213.93,216.055,211.7,214.84,17544643
2020-10-23 00:00:00-04:00,116.39,116.55,114.28,115.04,73088651,3189.48,3205.33,3140.0,3204.64,3013885,318672.25,320999.0,317990.6,319344.4,572,215.18,216.28,213.16,216.26,14894492
2020-10-26 00:00:00-04:00,114.01,116.55,112.88,115.06,94591584,3199.63,3282.98,3153.3,3207.32,5228634,314850.0,315500.0,311100.0,313230.0,603,213.85,216.3399,208.1,210.15,29374749
2020-10-27 00:00:00-04:00,115.49,117.28,114.5399,116.53,80663462,3224.94,3291.66,3211.3,3287.92,3742219,311630.0,313142.0,310599.0,310599.0,316,211.59,214.67,210.329,213.15,25831216
2020-10-28 00:00:00-04:00,115.05,115.43,111.1,111.15,123242639,3249.29,3264.02,3162.47,3162.49,4840893,304720.0,305995.0,300090.0,301964.0,1027,207.67,208.84,202.1,202.71,41576211
2020-10-29 00:00:00-04:00,112.37,116.93,112.2,114.52,111552689,3201.27,3257.25,3164.0,3212.79,5352688,300420.0,304907.0,297817.0,303021.0,365,203.96,207.36,203.37,204.39,25237813
2020-10-30 00:00:00-04:00,111.06,111.99,107.72,108.9,163824978,3157.75,3167.004,3019.0,3036.13,7556383,300060.0,303500.0,298805.94,303185.0,383,203.5,204.29,199.62,202.58,27625644
2020-11-02 00:00:00-05:00,109.11,110.68,107.32,108.77,106260834,3061.74,3079.705,2950.395,3004.48,6469197,307499.9,309542.0,305320.0,306282.0,375,204.2735,205.28,200.13,202.32,23032873
2020-11-03 00:00:00-05:00,109.66,111.47,108.73,110.375,93660131,3018.53,3074.9,2980.98,3046.25,4399819,312300.0,314780.0,310000.0,310000.0,689,203.89,208.12,203.12,206.12,21783493
2020-11-04 00:00:00-05:00,114.14,115.59,112.35,114.94,114505478,3159.99,3244.85,3139.73,3241.16,5771116,310194.4,315300.0,307830.0,309812.0,445,214.02,218.32,212.4185,216.32,33010015
2020-11-05 00:00:00-05:00,117.99,119.62,116.8686,118.99,107993032,3319.97,3366.8,3288.88,3322.0,4939019,314269.0,316425.94,311283.9,311557.0,372,221.9,224.11,221.15,223.29,28617137
2020-11-06 00:00:00-05:00,118.32,119.2,116.13,118.685,99225280,3304.64,3322.0,3232.0,3310.41,4119260,312250.0,315310.0,311917.0,313464.0,456,222.26,224.32,218.03,223.62,20598219
2020-11-09 00:00:00-05:00,120.5,121.99,116.05,116.32,129352953,3231.03,3289.0,3112.1057,3141.34,5888038,333000.0,337600.0,327033.5,332035.0,2034,224.435,228.12,217.88,218.34,31345985
2020-11-10 00:00:00-05:00,115.55,117.59,114.13,115.97,114408580,3095.02,3114.0,3019.483,3035.18,5767971,332000.03,343000.0,331977.47,342700.0,1237,214.5,216.5,209.72,211.02,37784540
2020-11-11 00:00:00-05:00,117.19,119.63,116.44,119.51,101073157,3061.78,3139.145,3050.0,3136.81,3575504,342433.0,343705.0,338223.9,340921.0,875,212.54,218.04,212.2,216.4,24660239
2020-11-12 00:00:00-05:00,119.62,120.53,118.57,119.235,89318148,3159.95,3175.88,3086.05,3110.2,3797585,337800.0,338339.16,335186.0,337299.5,505,217.21,219.11,214.46,215.47,17289434
2020-11-13 00:00:00-05:00,119.44,119.6717,117.87,119.49,65270429,3122.0,3141.7227,3085.39,3134.09,3101035,338000.0,341999.0,338000.0,341324.0,434,216.53,217.38,214.18,217.31,12459320
2020-11-16 00:00:00-05:00,118.92,120.99,118.146,120.35,82097057,3093.2,3142.7,3072.685,3132.99,3314168,345000.0,350000.0,344846.03,350000.0,1505,214.87,217.74,214.52,217.39,19104246
2020-11-17 00:00:00-05:00,119.55,120.6741,118.96,119.36,66758426,3183.5444,3189.25,3135.26,3135.66,2931983,347000.0,352500.0,345417.0,349900.0,1227,216.1,217.68,214.08,214.47,20050273
2020-11-18 00:00:00-05:00,118.61,119.82,118.0,118.0,66333033,3134.0,3140.0,3105.1,3105.1,2625670,351900.0,351900.0,345500.0,345500.0,673,213.65,215.17,210.93,210.97,23800497
2020-11-19 00:00:00-05:00,117.59,119.06,116.81,118.64,67716820,3105.31,3125.0,3080.92,3114.41,2667000,343633.97,345000.0,341897.0,345000.0,424,211.38,213.03,209.93,212.31,20398304
2020-11-20 00:00:00-05:00,118.64,118.77,117.29,117.32,66641286,3117.02,3132.89,3098.0457,3099.205,2850532,343800.0,344849.0,340727.5,341044.47,437,212.2,213.285,210.0,210.34,18107933
2020-11-23 00:00:00-05:00,117.18,117.6202,113.75,113.88,118772957,3116.6985,3139.745,3065.46,3100.18,4234476,343500.0,345732.75,342379.8,344356.0,543,210.95,212.29,208.16,210.09,19156083
2020-11-24 00:00:00-05:00,113.91,115.85,112.59,115.17,103428825,3100.5,3134.25,3086.258,3116.86,3305787,349580.0,352450.0,347310.0,350876.0,837,209.59,214.25,208.86,213.86,29057043
2020-11-25 00:00:00-05:00,115.55,116.75,115.17,116.02,68910636,3141.87,3198.0,3140.26,3184.82,3478095,350939.0,351000.0,348446.03,350045.1,568,215.11,215.29,212.46,213.75,17654795
2020-11-27 00:00:00-05:00,116.57,117.49,116.22,116.6,43035501,3211.26,3216.19,3190.05,3195.95,2179416,350444.0,351040.0,346200.0,347392.5,322,214.85,216.27,214.04,215.29,11370505
2020-11-30 00:00:00-05:00,116.97,120.97,116.81,119.06,131494491,3208.48,3228.39,3125.55,3168.03,3492689,346000.0,346299.4,342672.0,343525.0,193,214.1,214.76,210.835,214.24,24831149
2020-12-01 00:00:00-05:00,121.01,123.4693,120.01,122.7,115221944,3188.5,3248.95,3157.18,3220.08,4192750,346480.0,348272.0,344478.62,344735.0,184,214.51,217.32,213.35,216.21,25444010
2020-12-02 00:00:00-05:00,122.02,123.37,120.89,123.08,75619249,3221.65,3232.0,3173.26,3203.75,2776516,344300.0,345929.0,342900.0,345929.0,280,214.88,215.47,212.8,215.42,17971949
2020-12-03 00:00:00-05:00,123.52,123.78,122.21,122.94,67399458,3205.46,3228.64,3181.31,3188.66,2578482,345500.0,347300.0,343602.0,346690.0,220,214.61,216.3757,213.65,214.27,19489315
2020-12-04 00:00:00-05:00,122.6,122.8608,121.52,122.24,65287653,3198.21,3198.21,3158.76,3163.49,2651712,347000.0,348000.0,345900.0,346930.0,652,214.22,215.38,213.18,214.4,19718805
2020-12-07 00:00:00-05:00,122.31,124.57,122.25,123.8,72463180,3156.48,3180.76,3141.69,3158.77,2291149,344785.0,345500.0,342600.0,343646.0,651,214.37,215.54,212.99,214.32,17290027
2020-12-08 00:00:00-05:00,124.37,124.98,123.09,124.33,69695298,3158.9,3184.13,3120.02,3176.64,2985433,341887.75,343190.6,340125.6,342310.0,303,213.97,216.95,212.89,215.99,18248687
2020-12-09 00:00:00-05:00,124.53,125.95,121.0,121.67,99218318,3167.89,3174.43,3088.0,3101.35,3743779,342526.0,343000.0,340300.0,341385.6,284,215.16,215.225,211.214,211.41,25270464
2020-12-10 00:00:00-05:00,120.5,123.87,120.15,123.22,70011939,3088.99,3142.1,3076.0,3100.07,2616777,339750.0,341942.0,339060.6,341127.03,265,211.77,213.08,210.36,210.515,21350370
2020-12-11 00:00:00-05:00,122.43,122.76,120.55,122.49,75289233,3096.66,3118.67,3072.82,3116.41,2829892,338440.0,340414.94,337167.0,339700.0,231,210.05,213.32,209.11,213.27,25404751
2020-12-14 00:00:00-05:00,122.6,123.35,121.55,121.77,65119346,3143.0,3190.47,3126.0,3156.97,3595275,342200.0,342200.0,334040.84,334427.22,345,213.1,216.21,212.88,214.19,22719582
2020-12-15 00:00:00-05:00,124.34,127.9,124.13,127.89,140585059,3181.01,3188.5,3130.49,3166.45,2911200,336494.0,338920.0,334642.78,336540.0,442,215.165,215.42,212.24,214.16,20310863
2020-12-16 00:00:00-05:00,127.41,128.37,126.56,127.75,84637825,3176.01,3247.0,3163.68,3240.96,3845903,337154.0,338559.0,333333.0,334200.0,419,214.75,220.11,214.72,219.19,28250581
2020-12-17 00:00:00-05:00,128.9,129.58,128.045,128.65,76704353,3250.0,3263.51,3221.0,3237.015,3037171,335000.16,338913.12,333150.0,338800.0,731,219.87,220.89,217.92,219.42,24306195
2020-12-18 00:00:00-05:00,128.96,129.1,126.12,126.65,109773113,3243.99,3249.42,3171.6,3201.07,4186849,338000.0,338468.25,333864.56,336250.0,488,218.59,219.69,216.02,218.15,31957813
2020-12-21 00:00:00-05:00,125.02,128.31,123.449,128.24,99115677,3200.01,3226.9666,3166.0,3205.74,3242075,333650.0,338400.0,333650.0,337800.0,404,217.55,224.0,217.2801,222.57,29644731
2020-12-22 00:00:00-05:00,131.61,134.405,129.65,131.845,156846263,3202.8435,3222.0,3180.08,3206.52,2098711,335535.0,336615.0,334500.0,334500.0,361,222.69,225.63,221.85,223.97,19271948
2020-12-23 00:00:00-05:00,132.16,132.43,130.78,130.96,76023894,3205.0,3210.13,3184.17,3186.73,1836532,336400.0,338532.75,336400.0,336600.0,458,223.11,223.5589,220.8,221.02,15366146
2020-12-24 00:00:00-05:00,131.32,133.46,131.1,131.99,51675667,3193.9,3202.0,3169.0,3171.16,1379521,337000.0,341000.0,337000.0,340357.0,210,221.42,223.61,221.2,222.71,9704782
2020-12-28 00:00:00-05:00,133.99,137.34,133.51,136.73,116008068,3194.0,3304.0,3172.69,3283.96,5387557,342000.0,345250.0,341445.0,343100.0,379,224.45,226.03,223.02,224.96,15814383
2020-12-29 00:00:00-05:00,138.05,138.789,134.3409,134.93,114407189,3309.94,3350.65,3281.223,3320.71,4605698,345143.94,346677.0,343975.0,344820.0,290,226.31,227.18,223.58,224.29,15518607
2020-12-30 00:00:00-05:00,135.58,135.99,133.4,133.72,87788124,3341.0,3342.1,3282.47,3285.85,2897643,344410.0,346110.66,343917.0,344480.0,183,225.23,225.63,221.47,221.68,16214759
2020-12-31 00:00:00-05:00,134.08,134.74,131.72,132.58,86901528,3275.0,3282.9219,3241.2,3256.41,2636124,344302.25,348500.0,343806.03,348500.0,271,221.7,223.0,219.68,222.37,15660731
2021-01-04 00:00:00-05:00,133.52,133.6116,126.76,129.41,123353442,3270.0,3272.0,3144.02,3186.65,3974073,347825.0,347825.0,340816.06,342975.38,399,222.53,223.0,214.81,217.81,27651582
2021-01-05 00:00:00-05:00,128.89,131.74,128.43,130.95,85139362,3166.01,3223.38,3165.06,3218.51,2325459,343900.0,344715.0,340850.0,341600.0,324,217.26,218.52,215.7,218.01,18061458
2021-01-06 00:00:00-05:00,127.72,131.0499,126.382,126.58,142064548,3146.48,3197.509,3131.16,3138.01,3919285,343000.0,349000.0,342000.0,345115.0,919,212.17,216.4899,211.94,212.22,29768110
2021-01-07 00:00:00-05:00,128.36,131.63,127.86,130.85,95314687,3157.0,3208.542,3155.0,3161.41,2951339,347900.0,351000.0,347120.03,349200.0,297,214.04,219.34,213.71,218.29,20366208
2021-01-08 00:00:00-05:00,132.43,132.63,130.23,131.99,93211863,3180.0,3190.64,3142.2,3182.7,3261271,350500.0,352032.0,348100.0,351500.0,241,218.68,220.58,217.0261,219.55,18248721
2021-01-11 00:00:00-05:00,129.19,130.17,128.5,128.98,84845947,3148.01,3156.384,3110.0,3115.75,3263070,348100.0,351140.66,348072.75,349879.3,156,218.47,218.91,216.73,217.5,15604905
2021-01-12 00:00:00-05:00,128.5,129.69,126.86,128.8199,83381829,3120.0,3142.1418,3086.0,3120.88,3009716,350050.0,351250.25,348250.0,350500.0,388,216.5,217.1,213.3202,214.93,20628633
2021-01-13 00:00:00-05:00,128.76,131.45,128.49,130.89,77928722,3128.44,3189.95,3122.08,3166.24,2985766,349147.0,353000.0,348140.38,352380.0,532,214.02,216.76,213.9266,216.41,16242982
2021-01-14 00:00:00-05:00,130.8,131.0,128.76,128.92,78672922,3167.52,3178.0,3120.59,3129.32,2668943,353100.0,353697.53,351573.84,353000.0,125,215.91,217.46,212.74,213.02,22710694
2021-01-15 00:00:00-05:00,128.78,130.2242,127.0,127.07,97478662,3123.02,3142.545,3095.17,3104.54,3703097,350540.0,352500.0,348500.0,351440.0,278,213.52,214.51,212.03,212.58,24935913
2021-01-19 00:00:00-05:00,127.78,128.71,126.938,127.82,77372754,3107.0,3145.0,3096.0,3121.0,2780438,351177.25,354837.0,348070.0,352422.0,317,213.75,216.98,212.63,216.44,21271315
2021-01-20 00:00:00-05:00,128.66,132.49,128.55,131.97,90745056,3181.99,3279.8,3175.0,3264.73,4777430,351975.0,353350.0,350639.38,352552.0,311,217.7,225.79,217.2908,224.18,32897784
2021-01-21 00:00:00-05:00,133.8,139.67,133.59,136.87,107349916,3293.0,3348.55,3289.5674,3307.21,4330235,354200.0,354834.56,352400.0,352400.2,412,224.7,226.3,222.42,224.9,24356192
2021-01-22 00:00:00-05:00,136.28,139.85,135.02,138.9699,104455613,3304.31,3321.91,3283.1643,3290.0,2377222,351800.0,351800.0,349500.0,350600.0,307,227.08,230.07,225.8,225.84,25777676
2021-01-25 00:00:00-05:00,143.07,145.09,136.54,142.9,142335837,3328.5,3363.89,3243.1462,3293.1,3353964,349000.0,352085.0,347250.0,351590.0,425,229.12,229.78,224.22,229.52,28689887
2021-01-26 00:00:00-05:00,143.6,144.3,141.37,143.185,85816874,3296.356,3338.0,3282.87,3326.12,2616245,350190.88,351800.0,349025.0,349794.97,222,231.86,234.18,230.08,232.5831,36339224
2021-01-27 00:00:00-05:00,143.43,144.3,140.41,142.53,110342303,3341.49,3346.52,3207.08,3234.98,4066864,346145.0,346645.0,341119.0,342485.0,464,238.0,240.44,230.14,233.09,62401253
2021-01-28 00:00:00-05:00,139.52,141.99,136.7,137.04,127192871,3235.04,3301.68,3228.69,3239.7,2742821,344340.0,351976.1,344340.0,348001.0,446,235.61,242.64,235.09,238.93,41216251
2021-01-29 00:00:00-05:00,135.83,136.74,130.21,131.83,162479747,3230.0,3236.99,3184.55,3206.31,2855494,344749.0,346355.0,343500.0,343500.0,200,235.99,238.02,231.35,231.81,35216615
2021-02-01 00:00:00-05:00,133.75,135.38,130.93,134.1,96660055,3242.36,3350.26,3235.025,3342.88,3734204,345000.0,346945.0,344250.0,346175.0,304,235.06,242.5,232.43,239.59,28891229
2021-02-02 00:00:00-05:00,135.73,136.31,134.61,134.98,73079171,3380.0,3427.74,3361.125,3383.23,5024907,348300.0,352000.0,348300.0,350157.03,424,241.3,242.31,238.69,239.48,22111183
2021-02-03 00:00:00-05:00,135.76,135.77,133.61,133.9,76952077,3425.01,3434.0,3308.62,3311.26,6445905,350200.0,351085.84,349250.0,350700.0,161,239.57,245.09,239.26,242.94,23166496
2021-02-04 00:00:00-05:00,136.3,137.4,134.59,137.4,71745898,3330.0,3347.0,3277.75,3330.84,3481246,351700.0,355000.0,351192.25,355000.0,379,242.66,243.2399,240.37,241.9,21079857
2021-02-05 00:00:00-05:00,137.35,137.42,135.86,136.77,69111348,3319.0,3377.0,3302.71,3352.49,3369086,355750.0,356500.0,353845.6,354347.0,282,242.23,243.28,240.42,242.2,14826950
2021-02-08 00:00:00-05:00,136.03,136.96,134.92,136.9007,63184550,3358.5,3365.0,3304.0,3323.49,3032558,355000.0,357100.0,354401.0,357100.0,314,243.15,243.68,240.81,242.47,14525276
2021-02-09 00:00:00-05:00,136.62,137.877,135.85,136.0,70140432,3312.49,3338.0,3297.84,3305.0,2046628,356588.0,362395.0,355021.0,361125.0,561,241.87,244.76,241.38,243.8,20027383
2021-02-10 00:00:00-05:00,136.48,136.99,134.4,135.36,66856066,3314.0,3317.9548,3254.0,3286.59,2828767,363145.0,363231.5,360555.66,362000.0,265,245.0,245.92,240.89,242.81,18932499
2021-02-11 00:00:00-05:00,135.9,136.39,133.77,135.12,59377028,3292.0,3292.0,3248.06,3261.65,2137817,361060.5,362300.0,360108.9,361650.0,182,244.78,245.15,242.15,244.52,12633636
2021-02-12 00:00:00-05:00,134.35,135.53,133.6921,135.38,54861442,3250.0,3280.25,3233.31,3278.38,2090930,359750.0,365725.0,359750.0,365500.0,445,243.9332,245.3,242.73,245.06,12741272
2021-02-16 00:00:00-05:00,135.49,136.01,132.79,133.16,72596290,3254.05,3308.3,3253.591,3267.05,2271010,367657.53,372660.6,366000.0,369595.6,863,245.03,246.13,242.92,243.71,19501800
2021-02-17 00:00:00-05:00,131.25,132.22,129.47,130.84,92298227,3263.6,3320.91,3259.4995,3307.8,3098210,368560.0,370872.75,368560.0,370400.0,495,241.32,244.31,240.94,244.26,17633314
2021-02-18 00:00:00-05:00,129.2,129.995,127.41,129.7127,90601312,3282.42,3338.0,3273.94,3329.43,2760173,368885.0,370000.0,364760.0,367400.0,1252,241.8,243.93,240.86,243.79,14063155
2021-02-19 00:00:00-05:00,130.24,130.71,128.8,129.85,79960220,3328.23,3333.5,3245.75,3251.0,3926662,368865.0,369333.88,364000.0,364840.0,1316,243.75,243.86,240.18,241.03,21543205
2021-02-22 00:00:00-05:00,128.01,129.72,125.6,126.01,93993093,3208.13,3232.3198,3172.26,3182.39,3060818,363380.06,371000.0,362860.0,369620.0,1694,237.42,237.93,232.4,234.6,30391961
2021-02-23 00:00:00-05:00,123.76,126.71,118.39,125.85,148286878,3127.03,3204.73,3093.6,3195.65,4308229,370487.5,371800.0,367235.56,371585.0,2934,230.325,234.83,228.73,233.27,27136326
2021-02-24 00:00:00-05:00,124.94,125.56,122.23,125.32,102399167,3166.75,3171.23,3125.38,3159.53,2674277,371182.5,376315.0,371122.5,375000.0,2626,230.01,235.2,229.0,234.54,21785463
2021-02-25 00:00:00-05:00,124.68,126.4585,120.54,121.0,134693926,3136.74,3178.26,3047.76,3057.16,4060542,375233.0,377356.94,366401.0,367477.5,2207,232.08,234.5852,227.88,228.83,33992522
2021-02-26 00:00:00-05:00,122.59,124.85,121.2,121.2,135693674,3095.2,3122.44,3036.7,3092.349,3796445,370220.0,374490.0,363680.0,364000.0,1858,231.525,235.37,229.54,232.19,29878303
2021-03-01 00:00:00-05:00,123.75,127.93,122.79,127.79,104597017,3127.89,3149.56,3097.99,3146.61,2457512,372555.0,378522.75,372175.94,377077.5,2915,235.9,237.47,233.15,236.94,20744175
2021-03-02 00:00:00-05:00,128.41,128.72,125.01,125.1601,91481050,3143.47,3163.52,3087.12,3095.99,2354430,378322.5,380000.0,376932.5,377400.0,2316,237.01,237.3,233.45,233.87,19279808
2021-03-03 00:00:00-05:00,124.81,125.71,121.84,122.06,99851557,3081.18,3107.775,2995.0,3005.01,3619826,377572.5,385000.0,377500.0,380787.5,2354,232.155,233.5799,227.28,227.55,29197735
2021-03-04 00:00:00-05:00,121.75,123.6,118.62,120.22,160007520,3012.0,3058.13,2945.43,2977.04,5291821,380442.53,382254.38,368430.0,371454.9,2604,226.735,232.49,224.26,226.9,40642140
2021-03-05 00:00:00-05:00,120.98,121.935,117.57,121.39,143229410,3005.0,3009.0,2881.0,3000.45,5094668,375823.03,383500.0,373595.0,383300.0,2496,229.5165,233.27,226.46,231.58,37372002
2021-03-08 00:00:00-05:00,120.93,121.0,116.21,116.4,141360327,3015.0,3064.59,2951.31,2951.951,3754633,385571.25,391852.5,383700.0,388000.0,2992,231.37,233.365,227.13,227.42,31225291
2021-03-09 00:00:00-05:00,119.03,122.06,118.79,121.08,113086734,3017.99,3090.96,3005.1475,3062.67,3452858,391167.5,397400.0,385800.0,391295.0,3170,232.88,235.3839,231.67,233.68,26775805
2021-03-10 00:00:00-05:00,121.69,122.17,119.45,119.97,104275213,3098.45,3116.46,3030.05,3057.64,2678924,394112.88,407750.0,392015.0,398750.0,4248,237.0,237.0,232.04,232.39,27118932
2021-03-11 00:00:00-05:00,122.54,123.21,121.26,121.95,93149616,3104.01,3131.7842,3082.93,3116.48,2494485,402495.0,402502.5,395062.25,395500.0,3114,234.96,239.17,234.31,237.26,23723386
2021-03-12 00:00:00-05:00,120.4,121.17,119.16,121.05,82228604,3075.0,3098.98,3045.5,3091.23,2187125,397900.0,401171.12,394730.0,394800.0,2419,234.01,235.82,233.23,235.8,19053720
2021-03-15 00:00:00-04:00,121.41,124.0,120.42,124.0,79200260,3074.57,3082.24,3032.09,3081.42,2584085,395785.0,395890.0,385131.38,386177.25,2990,234.96,235.185,231.81,234.81,21493073
2021-03-16 00:00:00-04:00,125.7,127.22,124.715,125.57,107714542,3104.97,3128.91,3075.86,3092.42,2306176,387095.0,387155.0,379212.0,382351.5,2358,236.28,240.055,235.94,237.69,23711872
2021-03-17 00:00:00-04:00,124.05,125.8599,122.336,124.8,85394195,3073.22,3173.05,3070.22,3135.2,2832264,382530.0,385832.0,380685.0,382500.0,3279,236.15,238.55,233.23,237.19,21121248
2021-03-18 00:00:00-04:00,122.88,123.18,120.32,120.55,110362637,3101.0,3116.63,3025.0,3027.99,3341991,384997.5,388630.0,381000.0,383100.03,2353,232.56,234.19,230.33,230.72,29621509
2021-03-19 00:00:00-04:00,119.9,121.43,119.675,119.87,114176811,3029.23,3077.285,3016.63,3072.99,3524817,382320.0,383612.5,377500.0,380797.75,2333,231.02,232.474,229.3496,229.91,28164302
2021-03-22 00:00:00-04:00,120.33,123.87,120.26,123.37,92770909,3067.85,3126.58,3060.05,3111.37,2427729,381807.5,382352.5,378392.88,380048.88,2358,230.27,236.9,230.14,236.04,22043621
2021-03-23 00:00:00-04:00,123.33,124.24,122.14,122.55,84861807,3126.9,3182.0,3120.85,3137.5,3194548,379062.0,382000.0,376077.44,376982.0,1505,237.59,241.05,237.07,237.53,26263248
2021-03-24 00:00:00-04:00,122.82,122.9,120.065,120.07,78958064,3151.04,3160.31,3085.15,3087.17,2622965,379201.75,382155.12,377520.0,378000.0,1593,237.79,238.0,235.32,235.46,21776897
2021-03-25 00:00:00-04:00,119.54,121.66,119.0,120.63,89156937,3072.91,3109.78,3037.14,3046.26,3205209,378035.0,382600.0,374482.5,379980.03,1648,235.3,236.94,231.57,232.32,28875231
2021-03-26 00:00:00-04:00,120.35,121.48,118.92,121.21,79186956,3044.06,3056.66,2996.0,3053.14,2441802,383297.5,390000.0,381382.0,389219.5,1363,231.83,236.71,231.55,236.48,18688030
2021-03-29 00:00:00-04:00,121.65,122.58,120.7299,121.39,70495825,3055.4395,3091.25,3028.445,3076.76,2253856,384053.0,393484.0,383922.5,390404.03,2008,236.81,236.8,231.88,235.27,18925230
2021-03-30 00:00:00-04:00,120.11,120.4031,118.86,119.88,76566683,3070.0,3073.0,3034.0,3054.7,2060154,393665.0,394300.0,388811.38,390360.0,1717,233.44,233.85,231.1,232.26,20255981
2021-03-31 00:00:00-04:00,121.65,123.52,121.15,122.18,94475011,3064.1,3119.33,3062.5,3095.65,2526462,388812.5,390300.0,386200.0,386724.44,1627,232.91,239.1,232.39,235.92,32556532
2021-04-01 00:00:00-04:00,123.65,124.18,122.49,123.0,65403569,3116.35,3162.44,3115.55,3161.55,2642215,387979.0,390984.1,385702.0,390399.0,1482,238.47,242.64,238.0501,242.39,26231667
2021-04-05 00:00:00-04:00,123.87,126.1601,123.07,125.9001,79312943,3173.5,3235.955,3161.24,3225.26,2813107,392700.25,396770.0,392400.0,395766.5,1796,242.77,249.96,242.7,249.07,32443402
2021-04-06 00:00:00-04:00,126.5,127.13,125.65,126.23,70316590,3223.75,3247.31,3217.04,3223.99,2095298,395913.0,397890.0,394837.5,396805.0,1312,247.61,249.4,246.88,247.87,18765691
2021-04-07 00:00:00-04:00,125.83,127.92,125.14,127.91,75433362,3230.38,3303.6125,3223.65,3279.39,3070221,395730.0,398000.0,394500.0,395995.03,272,247.81,250.93,247.19,249.89,19347121
2021-04-08 00:00:00-04:00,128.95,130.39,128.52,130.37,80194739,3309.14,3324.5,3292.0,3299.99,2543206,395475.5,396985.0,393972.5,396714.94,1130,252.76,254.139,252.0,253.26,19762070
2021-04-09 00:00:00-04:00,129.8,133.04,129.47,133.0,94171787,3303.01,3372.09,3288.9,3372.09,3934619,397126.0,400000.0,396122.25,399909.0,1359,252.82,255.99,252.44,255.83,19927737
2021-04-12 00:00:00-04:00,132.52,132.85,130.63,131.26,76728291,3358.43,3395.04,3351.15,3379.39,2730031,401425.5,403421.0,400734.0,403075.0,1938,254.99,257.67,254.62,255.96,20483941
2021-04-13 00:00:00-04:00,132.44,134.66,131.93,134.41,81439544,3402.0,3432.0,3395.63,3400.0,2965807,401667.5,403474.0,400372.0,402100.0,1670,257.2,259.19,256.83,258.49,18954468
