,Date,Open,High,Low,Close,Adj Close,Volume,Date,Open,High,Low,Close,Adj Close,Volume
0,2020-03-17,5002.578125,5371.348633,4981.90918,5225.629395,5225.629395,38622642935.0,2020-03-17,110.406784,118.988281,110.406784,113.94274899999999,113.94274899999999,12087490572.0
1,2020-03-18,5227.11377,5331.833984000001,5069.335938,5238.438477000001,5238.438477000001,37878801016.0,2020-03-18,113.857643,116.021622,111.74311100000001,114.84227,114.84227,11617854009.0
2,2020-03-19,5245.416504,6329.73584,5236.96875,6191.192871,6191.192871,51000731797.0,2020-03-19,114.839828,140.527725,114.73286399999999,136.593857,136.593857,16396753275.0
3,2020-03-20,6191.653809,6844.261719,5865.781738000001,6198.77832,6198.77832,54442976103.0,2020-03-20,136.649277,150.853806,122.605659,132.737167,132.737167,18960388062.0
4,2020-03-21,6206.521484000001,6378.135254,5932.823242,6185.066406,6185.066406,42494390880.0,2020-03-21,133.101761,135.97241200000002,127.163757,132.81871,132.81871,13684083308.0
5,2020-03-22,6185.558105,6359.697265999999,5823.713867,5830.254883,5830.254883,40099664740.0,2020-03-22,132.851135,136.15164199999998,122.909332,123.321152,123.321152,12497707224.0
6,2020-03-23,5831.374511999999,6443.93457,5785.004395,6416.314941,6416.314941,46491916000.0,2020-03-23,123.365982,134.911606,121.86788200000001,134.911606,134.911606,14149877968.0
7,2020-03-24,6436.642578,6789.022948999999,6411.066406,6734.803711,6734.803711,48221910672.0,2020-03-24,135.19413799999998,141.948532,133.168777,138.76144399999998,138.76144399999998,14609068673.0
8,2020-03-25,6738.716797,6892.51123,6536.92627,6681.062988000001,6681.062988000001,44590107888.0,2020-03-25,138.914963,141.403793,134.30423000000002,136.195892,136.195892,13433092920.0
9,2020-03-26,6675.170897999999,6735.463867,6590.962890999999,6716.44043,6716.44043,35319797642.0,2020-03-26,136.190674,138.830566,134.886032,138.361557,138.361557,11367261176.0
10,2020-03-27,6719.38916,6793.836426000001,6466.70166,6469.79834,6469.79834,34585598367.0,2020-03-27,138.369934,139.902695,133.937943,133.937943,133.937943,11396286629.0
11,2020-03-28,6467.253906,6467.500977000001,6117.837890999999,6242.193848,6242.193848,34885225901.0,2020-03-28,134.032745,134.032745,126.962189,130.986496,130.986496,12162403960.0
12,2020-03-29,6245.624511999999,6250.467285,5920.085938,5922.042969,5922.042969,28373690931.0,2020-03-29,131.01533500000002,131.17408799999998,125.45005,125.58373300000001,125.58373300000001,9938133669.0
13,2020-03-30,5925.538574,6517.195801,5903.234375,6429.841797,6429.841797,37101651525.0,2020-03-30,125.577896,133.91146899999998,125.28968,132.904541,132.904541,11841123306.0
14,2020-03-31,6430.606445,6504.515136999999,6374.162109000001,6438.644531,6438.644531,32786468812.0,2020-03-31,132.820923,134.274139,131.652893,133.59356699999998,133.59356699999998,11065246317.0
15,2020-04-01,6437.319336,6612.57373,6202.373535,6606.776367,6606.776367,40346426266.0,2020-04-01,133.61231999999998,135.634552,129.730942,135.634552,135.634552,12456564435.0
16,2020-04-02,6606.776367,7088.247559,6595.918457,6793.624512,6793.624512,47660646124.0,2020-04-02,135.732178,146.787094,135.732178,142.029144,142.029144,15322861686.0
17,2020-04-03,6797.396484000001,7003.220703,6673.335938,6733.387206999999,6733.387206999999,38976504903.0,2020-04-03,142.110458,146.899872,139.61938500000002,142.091309,142.091309,13184603402.0
18,2020-04-04,6738.382812999999,6878.953613,6696.484863000001,6867.527344,6867.527344,33185988584.0,2020-04-04,142.215179,145.377304,140.121826,145.219391,145.219391,11946658257.0
19,2020-04-05,6862.537598000001,6883.414062999999,6715.929198999999,6791.129395,6791.129395,29510409856.0,2020-04-05,145.26101699999998,146.128525,142.102081,143.546646,143.546646,11280993591.0
20,2020-04-06,6788.049805,7271.78125,6782.889648,7271.78125,7271.78125,46896904615.0,2020-04-06,143.608215,169.27264399999999,143.544601,169.13588000000001,169.13588000000001,21636382525.0
21,2020-04-07,7273.644043000001,7427.939453,7136.714355,7176.414551000001,7176.414551000001,44243482668.0,2020-04-07,169.147446,175.20413200000002,164.203323,165.101944,165.101944,21659346091.0
22,2020-04-08,7179.283203,7356.223633,7153.305664,7334.098633,7334.098633,37563249549.0,2020-04-08,165.240326,173.210266,164.493195,172.641739,172.641739,17063110836.0
23,2020-04-09,7337.966309,7341.448242,7179.094238,7302.089355,7302.089355,34815139178.0,2020-04-09,172.76126100000002,172.897781,167.987122,170.807144,170.807144,14901696210.0
24,2020-04-10,7303.81543,7303.81543,6802.475098000001,6865.493164,6865.493164,43622840992.0,2020-04-10,170.82926899999998,170.949768,154.914474,158.412445,158.412445,17980944616.0
25,2020-04-11,6867.44043,6926.069823999999,6789.920898,6859.083008,6859.083008,31222085946.0,2020-04-11,158.53898600000002,161.167572,155.29834,158.216019,158.216019,13555089447.0
26,2020-04-12,6858.067870999999,7119.947265999999,6811.078125,6971.091797,6971.091797,35759567632.0,2020-04-12,158.23239099999998,164.516953,156.320511,161.142426,161.142426,15123721386.0
27,2020-04-13,6965.616698999999,6965.616698999999,6668.259765999999,6845.037598000001,6845.037598000001,38619308647.0,2020-04-13,160.720673,160.749695,151.61448700000003,156.279556,156.279556,16465282133.0
28,2020-04-14,6843.281738,6958.557129000001,6793.821289,6842.427734000001,6842.427734000001,34110434052.0,2020-04-14,156.35595700000002,160.944275,155.865936,157.59638999999999,157.59638999999999,14723156630.0
29,2020-04-15,6845.561523,6928.664551000001,6633.402832,6642.109863000001,6642.109863000001,32288311031.0,2020-04-15,157.565643,160.711121,152.802841,153.28689599999998,153.28689599999998,14171753737.0
30,2020-04-16,6640.454102000001,7134.450684,6555.504395,7116.804198999999,7116.804198999999,46783242377.0,2020-04-16,153.200424,173.157272,150.359421,172.157379,172.157379,22910469236.0
31,2020-04-17,,,,,,,2020-04-17,,,,,,
32,2020-04-18,7092.291504000001,7269.956543000001,7089.24707,7257.665039,7257.665039,32447188386.0,2020-04-18,171.618073,187.940475,171.618073,186.914001,186.914001,20160323443.0
33,2020-04-19,7260.922363,7280.521973000001,7167.054687999999,7189.424805,7189.424805,31311210215.0,2020-04-19,186.861984,188.09892299999998,180.12081899999998,181.61496,181.61496,19146038381.0
34,2020-04-20,7186.873535,7240.290526999999,6835.50293,6881.958495999999,6881.958495999999,37747113936.0,2020-04-20,181.480225,186.083542,170.321274,172.29716499999998,172.29716499999998,21266681335.0
35,2020-04-21,6879.78418,6934.551758,6834.442383,6880.323242,6880.323242,32589741511.0,2020-04-21,172.01771499999998,175.17846699999998,170.552841,172.737701,172.737701,16458767984.0
36,2020-04-22,6879.44043,7145.865723000001,6867.781738,7117.20752,7117.20752,33249153866.0,2020-04-22,172.67039499999998,183.75100700000002,171.826599,182.599579,182.599579,17994666395.0
37,2020-04-23,7121.306151999999,7491.785156,7081.594727,7429.724609000001,7429.724609000001,43500782316.0,2020-04-23,182.620178,189.088867,180.340652,185.028671,185.028671,21275740032.0
38,2020-04-24,7434.181640999999,7574.195801000001,7434.181640999999,7550.900879000001,7550.900879000001,34636526286.0,2020-04-24,185.222107,190.210388,185.222107,189.23693799999998,189.23693799999998,16788555028.0
39,2020-04-25,7550.48291,7641.36377,7521.672363,7569.936035,7569.936035,32941541447.0,2020-04-25,189.207397,196.792374,188.45953400000002,195.515305,195.515305,18260969748.0
40,2020-04-26,7570.13916,7700.594238,7561.407715,7679.867187999999,7679.867187999999,33070154491.0,2020-04-26,195.413589,199.344971,194.768066,197.31753500000002,197.31753500000002,18335367012.0
41,2020-04-27,7679.418945,7795.601073999999,7679.418945,7795.601073999999,7795.601073999999,36162144725.0,2020-04-27,197.475723,199.552795,193.454163,197.224716,197.224716,18670194595.0
42,2020-04-28,7796.970215,7814.527344,7730.806640999999,7807.058594,7807.058594,33187959921.0,2020-04-28,197.27351399999998,198.786545,194.849426,198.41539,198.41539,18217507467.0
43,2020-04-29,7806.712401999999,8871.753906,7786.049316,8801.038086,8801.038086,60201052203.0,2020-04-29,198.465195,218.454636,198.124512,216.968231,216.968231,26397548759.0
44,2020-04-30,8797.669922,9440.650391,8533.255859,8658.553711,8658.553711,66964629541.0,2020-04-30,216.909134,227.529694,206.43692,207.602051,207.602051,28089191904.0
45,2020-05-01,8672.782227,9048.023438,8667.763672,8864.766602,8864.766602,44068389997.0,2020-05-01,207.901733,217.628021,207.78088400000001,214.21910099999997,214.21910099999997,20816320834.0
46,2020-05-02,8869.057617,9007.1875,8811.366211,8988.59668,8988.59668,40134388683.0,2020-05-02,214.230087,215.847534,212.878677,215.32537799999997,215.32537799999997,18260876092.0
47,2020-05-03,8983.614258,9167.78125,8830.97168,8897.46875,8897.46875,47101785174.0,2020-05-03,215.352066,219.27087400000002,208.692368,210.93315099999998,210.93315099999998,20469034664.0
48,2020-05-04,8895.745117,8956.90625,8645.024414,8912.654297,8912.654297,45718796276.0,2020-05-04,210.890854,211.82838399999997,199.047729,208.174011,208.174011,22602446422.0
49,2020-05-05,8912.832031,9062.415039,8856.827148,9003.070313,9003.070313,43148462663.0,2020-05-05,208.013,211.778625,204.031128,206.774399,206.774399,19004689099.0
50,2020-05-06,9007.441406,9411.467773,8966.706055,9268.761719,9268.761719,49371886931.0,2020-05-06,206.481354,211.534622,204.040878,204.055786,204.055786,20343543799.0
51,2020-05-07,9261.895508,9992.664063,9138.322266,9951.518555,9951.518555,61112700562.0,2020-05-07,203.912857,214.392471,202.07484399999998,212.289413,212.289413,23594744655.0
52,2020-05-08,9936.162109,9996.743164,9767.172852,9842.666016,9842.666016,51780748042.0,2020-05-08,212.198242,216.32768199999998,208.830734,212.991577,212.991577,20445139356.0
53,2020-05-09,9840.90625,9913.863281,9580.644531,9593.896484,9593.896484,46566121841.0,2020-05-09,213.142166,214.73912,209.071518,211.60012799999998,211.60012799999998,18950547549.0
54,2020-05-10,9591.168945,9595.581055,8395.107422,8756.430664,8756.430664,63325279337.0,2020-05-10,211.5522,211.5522,182.711166,188.599564,188.599564,25211575193.0
55,2020-05-11,8755.535156,9033.470703,8374.323242,8601.795898,8601.795898,57119858802.0,2020-05-11,188.63218700000002,191.362335,180.718338,185.91284199999998,185.91284199999998,20054601647.0
56,2020-05-12,8610.385742,8949.898438,8569.643555,8804.477539,8804.477539,42142717533.0,2020-05-12,185.87733500000002,191.601349,185.701797,189.3125,189.3125,15899726284.0
57,2020-05-13,8805.387695,9317.878906,8805.387695,9269.987305,9269.987305,45558144023.0,2020-05-13,189.3741,200.197327,189.127701,199.193283,199.193283,17054662289.0
58,2020-05-14,9271.329102,9793.268555,9255.035156,9733.72168,9733.72168,56426907637.0,2020-05-14,198.89151,204.117599,196.86882,202.949097,202.949097,20150524861.0
59,2020-05-15,9734.291016,9755.828125,9261.398438,9328.197266,9328.197266,48158802327.0,2020-05-15,202.955399,203.56639099999998,193.755676,195.62266499999998,195.62266499999998,16602342092.0
60,2020-05-16,9333.240234,9564.205078,9260.694336,9377.013672,9377.013672,36164766408.0,2020-05-16,195.613388,202.771194,194.501587,200.677124,200.677124,15379081645.0
61,2020-05-17,9374.929688,9823.001953,9349.545898,9670.739258,9670.739258,40084250663.0,2020-05-17,200.608871,209.160934,200.102798,207.158691,207.158691,15470397303.0
62,2020-05-18,9675.695313,9906.030273,9570.359375,9726.575195,9726.575195,41827139896.0,2020-05-18,207.179779,215.90846299999998,207.10907,214.52505499999998,214.52505499999998,17411566928.0
63,2020-05-19,9727.063477,9836.047852,9539.624023,9729.038086,9729.038086,39254288955.0,2020-05-19,214.604935,214.604935,210.14305099999999,213.451111,213.451111,14346192779.0
64,2020-05-20,9725.329102,9804.793945,9447.201172,9522.981445,9522.981445,36546239703.0,2020-05-20,213.446243,214.716827,207.97581499999998,210.096741,210.096741,12730175511.0
65,2020-05-21,9522.740234,9555.242188,8869.930664,9081.761719,9081.761719,39326160532.0,2020-05-21,210.12915,211.62518300000002,193.346436,199.88360600000001,199.88360600000001,13308321229.0
66,2020-05-22,9080.334961,9232.936523,9008.638672,9182.577148,9182.577148,29810773699.0,2020-05-22,199.83711200000002,208.59153700000002,198.040863,207.169189,207.169189,12041592114.0
67,2020-05-23,9185.0625,9302.501953,9118.108398,9209.287109,9209.287109,27727866812.0,2020-05-23,207.19448899999998,210.38645899999997,205.29422,208.694397,208.694397,10665476768.0
68,2020-05-24,9212.283203,9288.404297,8787.250977,8790.368164,8790.368164,32518803300.0,2020-05-24,208.716064,210.59507799999997,202.37034599999998,202.37034599999998,202.37034599999998,11833299572.0
69,2020-05-25,8786.107422,8951.005859,8719.667969,8906.93457,8906.93457,31288157264.0,2020-05-25,201.982651,206.36145,200.66755700000002,205.319748,205.319748,10415044124.0
70,2020-05-26,8909.585938,8991.967773,8757.293945,8835.052734,8835.052734,29584186947.0,2020-05-26,205.259567,205.752548,200.264282,201.902313,201.902313,10159741290.0
71,2020-05-27,8837.380859,9203.320313,8834.157227,9181.017578,9181.017578,32740536902.0,2020-05-27,201.89300500000002,208.863434,201.785065,208.863434,208.863434,10631034756.0
72,2020-05-28,9184.945313,9546.319336,9148.457031,9525.750977,9525.750977,34367073114.0,2020-05-28,208.88543700000002,220.276505,206.242661,219.840424,219.840424,12212469604.0
73,2020-05-29,9528.355469,9573.666992,9379.338867,9439.124023,9439.124023,32896642044.0,2020-05-29,219.92504900000003,224.216873,218.238052,220.675125,220.675125,12265816557.0
74,2020-05-30,9438.914063,9704.030273,9366.729492,9700.414063,9700.414063,32722975141.0,2020-05-30,220.717209,243.94314599999998,218.744461,242.345596,242.345596,15027397867.0
75,2020-05-31,9700.105469,9700.34375,9432.296875,9461.058594,9461.058594,27773290299.0,2020-05-31,242.351379,244.04525800000002,230.05282599999998,230.975708,230.975708,12234904813.0
76,2020-06-01,9463.605469,10199.56543,9450.899414,10167.268555,10167.268555,35198901068.0,2020-06-01,230.86026,248.236282,230.488052,246.99176,246.99176,13951727936.0
77,2020-06-02,10162.973633,10182.34082,9460.571289,9529.803711,9529.803711,39137252109.0,2020-06-02,246.828186,252.222,233.225296,237.21905499999997,237.21905499999997,13782107567.0
78,2020-06-03,9533.760742,9682.859375,9471.84668,9656.717773,9656.717773,25007459262.0,2020-06-03,237.39521800000003,244.179321,235.464447,244.179321,244.179321,9861760817.0
79,2020-06-04,9655.854492,9887.610352,9525.24707,9800.636719,9800.636719,25921805072.0,2020-06-04,244.10528599999998,245.92897000000002,236.76530499999998,244.426392,244.426392,10170414304.0
80,2020-06-05,9800.21582,9869.237305,9663.216797,9665.533203,9665.533203,23509628646.0,2020-06-05,244.349594,247.329498,240.68205299999997,241.22198500000002,241.22198500000002,9293963914.0
81,2020-06-06,9664.904297,9773.431641,9591.024414,9653.679688,9653.679688,20438419222.0,2020-06-06,241.20135499999998,245.981049,239.724533,241.93132000000003,241.93132000000003,8114873845.0
82,2020-06-07,9653.00293,9768.498047,9458.150391,9758.852539,9758.852539,25015250846.0,2020-06-07,241.908081,245.43525699999998,236.325256,245.167252,245.167252,9544883157.0
83,2020-06-08,9760.063477,9782.306641,9675.885742,9771.489258,9771.489258,21486346312.0,2020-06-08,245.17857400000003,246.644196,241.542191,246.309906,246.309906,8076783299.0
84,2020-06-09,9774.360352,9836.369141,9664.719727,9795.700195,9795.700195,23717842783.0,2020-06-09,246.17501800000002,248.342438,242.33854700000003,244.91145299999997,244.91145299999997,8446545788.0
85,2020-06-10,9794.119141,9908.896484,9728.291016,9870.094727,9870.094727,25706567601.0,2020-06-10,244.822067,248.651154,242.819748,247.444946,247.444946,8792990206.0
86,2020-06-11,9870.078125,9938.297852,9263.069336,9321.78125,9321.78125,30247143440.0,2020-06-11,247.54853799999998,249.888306,229.94297799999998,231.702667,231.702667,12356528860.0
87,2020-06-12,9320.69043,9540.46582,9285.851563,9480.84375,9480.84375,22610564515.0,2020-06-12,231.625458,239.354691,229.645065,237.49321,237.49321,8868955009.0
88,2020-06-13,9480.735352,9493.211914,9396.009766,9475.277344,9475.277344,17564322315.0,2020-06-13,237.544617,239.1931,235.889679,238.908844,238.908844,7141624980.0
89,2020-06-14,9477.553711,9482.270508,9347.59375,9386.788086,9386.788086,18991732746.0,2020-06-14,238.968185,239.101456,232.95819100000003,234.1147,234.1147,7439385176.0
90,2020-06-15,9386.035156,9504.860352,8990.175781,9450.702148,9450.702148,26699704768.0,2020-06-15,234.058304,234.237839,221.24176,229.92890899999998,229.92890899999998,10536099884.0
91,2020-06-16,9454.266602,9579.430664,9400.445313,9538.024414,9538.024414,21565537209.0,2020-06-16,229.762299,236.394302,228.42614700000001,234.41616800000003,234.41616800000003,7965648016.0
92,2020-06-17,9533.78418,9540.422852,9327.339844,9480.254883,9480.254883,20177709879.0,2020-06-17,234.492371,235.954056,229.341644,233.028275,233.028275,7701391592.0
93,2020-06-18,9481.567383,9482.782227,9328.395508,9411.84082,9411.84082,17770083003.0,2020-06-18,232.89869700000003,234.570648,228.951431,232.101166,232.101166,6713800872.0
94,2020-06-19,9410.293945,9440.875977,9274.295898,9288.018555,9288.018555,19632223107.0,2020-06-19,231.954971,232.15411400000002,226.795181,227.13828999999998,227.13828999999998,6946372590.0
95,2020-06-20,9290.959961,9394.97168,9247.379883,9332.34082,9332.34082,17130541557.0,2020-06-20,226.97636400000002,231.44902000000002,226.640625,229.274261,229.274261,6252830566.0
96,2020-06-21,9330.926758,9401.107422,9300.430664,9303.629883,9303.629883,15324301169.0,2020-06-21,229.21614100000002,232.358948,228.492996,228.98982200000003,228.98982200000003,5600408178.0
97,2020-06-22,9300.915039,9655.073242,9296.87207,9648.717773,9648.717773,21104009514.0,2020-06-22,229.003372,243.77601600000003,228.93473799999998,242.533188,242.533188,9079586552.0
98,2020-06-23,9644.076172,9670.541016,9547.24707,9629.658203,9629.658203,17006433272.0,2020-06-23,242.53701800000002,244.86441000000002,239.759735,244.14215099999998,244.14215099999998,6624530348.0
99,2020-06-24,9632.149414,9680.367188,9278.233398,9313.610352,9313.610352,18961716076.0,2020-06-24,244.185928,248.50802599999997,232.80773900000003,235.772461,235.772461,8815030025.0
100,2020-06-25,9314.126953,9340.161133,9095.324219,9264.813477,9264.813477,18616048626.0,2020-06-25,235.70285,236.053406,230.2966,232.944489,232.944489,7010426122.0
101,2020-06-26,9260.995117,9310.516602,9101.738281,9162.917969,9162.917969,18341465837.0,2020-06-26,232.877487,233.901932,229.25946000000002,229.668045,229.668045,7187490226.0
102,2020-06-27,9167.824219,9207.810547,8998.216797,9045.390625,9045.390625,17273093144.0,2020-06-27,229.631485,232.493423,220.564575,222.95979300000002,222.95979300000002,6918380955.0
103,2020-06-28,9048.460938,9197.546875,8975.525391,9143.582031,9143.582031,14560870760.0,2020-06-28,222.91449,228.59828199999998,219.47267200000002,225.347168,225.347168,6205925718.0
104,2020-06-29,9140.029297,9237.573242,9041.875977,9190.854492,9190.854492,16460547078.0,2020-06-29,225.361435,229.90321400000002,222.25499,228.19487,228.19487,6726164653.0
105,2020-06-30,9185.581055,9217.835938,9084.837891,9137.993164,9137.993164,15735797744.0,2020-06-30,227.96842999999998,229.47680699999998,224.81518599999998,226.315002,226.315002,6094093001.0
106,2020-07-01,9145.985352,9309.754883,9104.735352,9228.325195,9228.325195,15971550355.0,2020-07-01,226.13458300000002,232.75611899999998,224.83573900000002,231.113419,231.113419,6463737443.0
107,2020-07-02,9231.139648,9274.962891,9036.623047,9123.410156,9123.410156,16338916796.0,2020-07-02,231.28891000000002,232.396881,225.46196,229.392197,229.392197,6212210566.0
108,2020-07-03,9124.842773,9202.344727,9058.794922,9087.303711,9087.303711,13078970999.0,2020-07-03,229.318954,229.629318,224.913971,225.38707000000002,225.38707000000002,5109032700.0
109,2020-07-04,9084.233398,9183.295898,9053.629883,9132.488281,9132.488281,12290528515.0,2020-07-04,225.288483,230.054138,225.133316,229.074112,229.074112,5228310135.0
110,2020-07-05,9126.09082,9162.183594,8977.015625,9073.942383,9073.942383,12903406143.0,2020-07-05,228.976196,229.85672000000002,224.544495,227.66459700000001,227.66459700000001,5292172429.0
111,2020-07-06,9072.849609,9375.474609,9058.664063,9375.474609,9375.474609,17889263252.0,2020-07-06,227.685013,242.132706,227.02952599999998,241.510223,241.510223,8782917553.0
112,2020-07-07,9349.161133,9360.617188,9201.81543,9252.277344,9252.277344,13839652595.0,2020-07-07,240.972595,242.68185400000002,234.218658,239.075531,239.075531,6441497597.0
113,2020-07-08,9253.020508,9450.335938,9249.5,9428.333008,9428.333008,19702359883.0,2020-07-08,239.159973,248.30886800000002,238.39837599999998,246.67001299999998,246.67001299999998,9892586411.0
114,2020-07-09,9427.994141,9431.378906,9234.999023,9277.967773,9277.967773,18000702524.0,2020-07-09,246.74829100000002,247.29167200000003,239.89865099999997,243.01596099999998,243.01596099999998,8429099199.0
115,2020-07-10,9273.357422,9287.47168,9118.001953,9278.807617,9278.807617,16860035605.0,2020-07-10,242.868011,242.883789,236.73053,240.98498500000002,240.98498500000002,7281370522.0
116,2020-07-11,9277.511719,9293.532227,9199.485352,9240.34668,9240.34668,13249910444.0,2020-07-11,241.04478500000002,241.527481,238.33123799999998,239.45817599999998,239.45817599999998,5643067316.0
117,2020-07-12,9241.054688,9319.418945,9197.450195,9276.5,9276.5,14452361907.0,2020-07-12,239.459641,243.311142,237.77021800000003,242.13169900000003,242.13169900000003,6596394718.0
118,2020-07-13,9277.205078,9306.405273,9224.292969,9243.614258,9243.614258,17519821266.0,2020-07-13,242.18187000000003,244.310516,238.232376,239.604584,239.604584,7787751468.0
119,2020-07-14,9238.703125,9283.841797,9171.661133,9243.213867,9243.213867,18085038362.0,2020-07-14,239.975616,242.003784,237.796188,240.211487,240.211487,7357458555.0
120,2020-07-15,9241.897461,9275.325195,9171.933594,9192.836914,9192.836914,15844731575.0,2020-07-15,240.143646,241.40269500000002,237.09617599999999,238.423523,238.423523,6189328448.0
121,2020-07-16,9191.980469,9214.3125,9088.947266,9132.227539,9132.227539,15713967523.0,2020-07-16,238.45091200000002,239.006256,231.62117,233.64088399999997,233.64088399999997,5832057567.0
122,2020-07-17,9131.8125,9182.253906,9089.202148,9151.392578,9151.392578,13944570749.0,2020-07-17,233.691391,234.41507000000001,232.10997000000003,232.773087,232.773087,5859850529.0
123,2020-07-18,9151.183594,9230.983398,9100.824219,9159.040039,9159.040039,12252601475.0,2020-07-18,232.85568199999997,236.543976,232.32488999999998,235.48381,235.48381,5397402117.0
124,2020-07-19,9158.005859,9201.398438,9097.632813,9185.817383,9185.817383,12939002784.0,2020-07-19,235.45829799999998,239.16069,233.279739,238.48751800000002,238.48751800000002,6251377305.0
125,2020-07-20,9187.220703,9214.270508,9137.509766,9164.231445,9164.231445,13755604146.0,2020-07-20,238.49487299999998,239.576248,234.852646,236.15316800000002,236.15316800000002,5600686192.0
126,2020-07-21,9162.514648,9407.262695,9149.389648,9374.887695,9374.887695,18069581956.0,2020-07-21,236.30250499999997,246.18626400000002,235.680969,245.016724,245.016724,6806696015.0
127,2020-07-22,9375.080078,9530.518555,9319.65332,9525.363281,9525.363281,16532254884.0,2020-07-22,245.037262,262.985046,242.484344,262.190643,262.190643,7702077383.0
128,2020-07-23,9527.141602,9610.24707,9483.003906,9581.072266,9581.072266,18146399002.0,2020-07-23,262.388641,277.583466,261.047089,274.689056,274.689056,10281309262.0
129,2020-07-24,9585.514648,9623.336914,9481.454102,9536.892578,9536.892578,16552768325.0,2020-07-24,274.722687,286.192841,269.239777,279.21542400000004,279.21542400000004,9466060358.0
130,2020-07-25,9539.485352,9704.556641,9530.211914,9677.113281,9677.113281,16610070933.0,2020-07-25,279.026367,306.740997,279.026367,304.056763,304.056763,10785021813.0
131,2020-07-26,9680.234375,10023.807617,9652.847656,9905.166992,9905.166992,20507998997.0,2020-07-26,303.692383,316.386322,300.267822,309.643616,309.643616,12003973026.0
132,2020-07-27,9905.217773,11298.22168,9903.969727,10990.873047,10990.873047,35359749590.0,2020-07-27,309.65792799999997,330.701202,309.65792799999997,321.51409900000004,321.51409900000004,15644257058.0
133,2020-07-28,11017.463867,11204.327148,10632.631836,10912.823242,10912.823242,28766551142.0,2020-07-28,321.829742,325.905975,307.721344,316.65725699999996,316.65725699999996,12357108065.0
134,2020-07-29,10912.953125,11304.397461,10856.141602,11100.467773,11100.467773,24617249715.0,2020-07-29,316.555359,324.38079799999997,313.109589,318.19088700000003,318.19088700000003,10878845706.0
135,2020-07-30,11099.833008,11169.356445,10895.455078,11111.213867,11111.213867,22857247901.0,2020-07-30,318.144989,338.631195,315.751099,334.586639,334.586639,11827689045.0
136,2020-07-31,11110.210938,11415.864258,10987.053711,11323.466797,11323.466797,23160469766.0,2020-07-31,334.63372799999996,348.611359,329.340942,345.55465699999996,345.55465699999996,12030600492.0
137,2020-08-01,11322.570313,11794.775391,11239.682617,11759.592773,11759.592773,26075670303.0,2020-08-01,345.798615,388.847961,343.58743300000003,385.199707,385.199707,14045259477.0
138,2020-08-02,11758.764648,12034.144531,11018.129883,11053.614258,11053.614258,27410067336.0,2020-08-02,385.549866,411.228302,357.143646,370.67172200000005,370.67172200000005,18909744275.0
139,2020-08-03,11043.768555,11453.079102,11012.415039,11246.348633,11246.348633,20271713443.0,2020-08-03,371.13385,396.50698900000003,369.33633399999997,386.295166,386.295166,12834648062.0
140,2020-08-04,11246.203125,11385.381836,11094.145508,11205.892578,11205.892578,21250197042.0,2020-08-04,386.156464,400.700623,382.98510699999997,389.87548799999996,389.87548799999996,14086704221.0
141,2020-08-05,11203.823242,11786.617188,11158.285156,11747.022461,11747.022461,24411254471.0,2020-08-05,389.71081499999997,406.303955,386.218475,401.590576,401.590576,12875466638.0
142,2020-08-06,11749.871094,11902.335938,11598.713867,11779.773438,11779.773438,23400740340.0,2020-08-06,401.583862,403.488678,392.600189,394.961945,394.961945,11304626458.0
143,2020-08-07,11778.894531,11898.038086,11408.59375,11601.472656,11601.472656,23132312867.0,2020-08-07,395.226868,398.249023,367.935516,379.512848,379.512848,12751687084.0
144,2020-08-08,11604.553711,11800.064453,11558.431641,11754.045898,11754.045898,17572057837.0,2020-08-08,379.551575,393.987366,377.349731,393.987366,393.987366,9342060531.0
145,2020-08-09,11737.325195,11806.056641,11548.78418,11675.739258,11675.739258,17489608833.0,2020-08-09,395.30523700000003,399.737091,385.830719,391.120453,391.120453,9451065592.0
146,2020-08-10,11662.256836,12045.140625,11662.256836,11878.111328,11878.111328,26114112569.0,2020-08-10,391.04150400000003,399.375946,391.04150400000003,395.887573,395.887573,11685827893.0
147,2020-08-11,11881.647461,11932.710938,11195.708984,11410.525391,11410.525391,27039782640.0,2020-08-11,395.894714,398.47891200000004,370.86062599999997,380.384064,380.384064,12792218737.0
148,2020-08-12,11404.59668,11748.396484,11249.605469,11584.93457,11584.93457,25064548486.0,2020-08-12,380.063812,391.312317,367.923615,391.02417,391.02417,12408772745.0
149,2020-08-13,11588.405273,11796.396484,11216.87207,11784.137695,11784.137695,27522199497.0,2020-08-13,390.838104,432.90460199999995,379.710876,428.74179100000003,428.74179100000003,18480303526.0
150,2020-08-14,11772.65918,12150.994141,11685.455078,11768.871094,11768.871094,24237958589.0,2020-08-14,428.67727699999995,444.57775899999996,423.34585599999997,437.39782699999995,437.39782699999995,15064589987.0
151,2020-08-15,11768.697266,11963.203125,11768.697266,11865.698242,11865.698242,23354924400.0,2020-08-15,437.56298799999996,441.754608,429.87460300000004,433.35491900000005,433.35491900000005,12416067894.0
152,2020-08-16,11866.685547,11934.901367,11737.188477,11892.803711,11892.803711,20583375490.0,2020-08-16,433.350586,436.26583899999997,415.086243,433.78662099999997,433.78662099999997,12168816874.0
153,2020-08-17,11895.658203,12359.056641,11806.696289,12254.402344,12254.402344,28227687027.0,2020-08-17,433.973755,442.73498499999994,422.64727800000003,429.53125,429.53125,13227089410.0
154,2020-08-18,12251.895508,12335.707031,11954.525391,11991.233398,11991.233398,26043227672.0,2020-08-18,429.669617,432.580292,419.674103,423.669312,423.669312,11978984079.0
155,2020-08-19,11990.884766,12028.923828,11687.333008,11758.283203,11758.283203,24502851117.0,2020-08-19,423.73858600000005,427.024658,396.67834500000004,406.463776,406.463776,13137391167.0
156,2020-08-20,11761.5,11900.411133,11710.063477,11878.37207,11878.37207,20175242945.0,2020-08-20,406.758911,418.73443599999996,404.026093,416.439789,416.439789,10043032427.0
157,2020-08-21,11878.026367,11899.259766,11564.979492,11592.489258,11592.489258,23762425999.0,2020-08-21,416.148773,418.63797,387.441132,389.126343,389.126343,11781796374.0
158,2020-08-22,11585.477539,11689.407227,11448.805664,11681.825195,11681.825195,20224191306.0,2020-08-22,389.03109700000005,396.466583,382.814636,395.835144,395.835144,10131847985.0
159,2020-08-23,11679.696289,11713.429688,11559.920898,11664.847656,11664.847656,18482062658.0,2020-08-23,395.562836,396.490417,385.039795,391.384491,391.384491,8137303970.0
160,2020-08-24,11663.689453,11807.631836,11623.25,11774.595703,11774.595703,20681511755.0,2020-08-24,391.678986,409.38858,389.314606,408.144196,408.144196,10328860398.0
161,2020-08-25,11773.588867,11778.299805,11189.850586,11366.134766,11366.134766,26301509932.0,2020-08-25,408.071686,408.52792400000004,374.355377,384.001038,384.001038,12428442042.0
162,2020-08-26,11366.894531,11530.052734,11296.993164,11488.363281,11488.363281,22466660958.0,2020-08-26,383.977448,391.87326,378.705841,386.466125,386.466125,9967343483.0
163,2020-08-27,11485.608398,11570.786133,11185.941406,11323.397461,11323.397461,23240415076.0,2020-08-27,386.60986299999996,395.349182,374.866486,382.632629,382.632629,10457777652.0
164,2020-08-28,11325.295898,11545.615234,11316.422852,11542.5,11542.5,19807127588.0,2020-08-28,382.629578,397.757629,381.27383399999997,395.874664,395.874664,9120674421.0
165,2020-08-29,11541.054688,11585.640625,11466.292969,11506.865234,11506.865234,17485597759.0,2020-08-29,395.687592,405.61636400000003,393.037415,399.921478,399.921478,8777703481.0
166,2020-08-30,11508.713867,11715.264648,11492.381836,11711.505859,11711.505859,19760127945.0,2020-08-30,399.61669900000004,428.663971,399.60836800000004,428.395721,428.395721,11211948040.0
167,2020-08-31,11713.306641,11768.876953,11598.318359,11680.820313,11680.820313,22285928250.0,2020-08-31,428.509003,438.560333,419.770172,435.079742,435.079742,12774741797.0
168,2020-09-01,11679.316406,12067.081055,11601.128906,11970.478516,11970.478516,27311555343.0,2020-09-01,434.87445099999997,487.211884,432.079193,477.05190999999996,477.05190999999996,18862763756.0
169,2020-09-02,11964.823242,11964.823242,11290.793945,11414.03418,11414.03418,28037405299.0,2020-09-02,477.007874,480.33099400000003,424.460022,440.04049699999996,440.04049699999996,19691854014.0
170,2020-09-03,11407.191406,11443.022461,10182.464844,10245.296875,10245.296875,31927261555.0,2020-09-03,440.23999000000003,449.532471,381.1297,385.67193599999996,385.67193599999996,19622845896.0
171,2020-09-04,10230.365234,10663.919922,10207.94043,10511.813477,10511.813477,29965130374.0,2020-09-04,384.671631,402.411743,371.636688,388.24115,388.24115,16747106257.0
172,2020-09-05,10512.530273,10581.571289,9946.675781,10169.567383,10169.567383,44916565292.0,2020-09-05,388.038391,394.172272,316.77435299999996,335.260071,335.260071,29880047640.0
173,2020-09-06,10167.216797,10353.927734,10056.885742,10280.351563,10280.351563,37071460174.0,2020-09-06,335.334564,359.76403799999997,319.041901,353.362274,353.362274,27643678917.0
174,2020-09-07,10280.998047,10399.15332,9916.493164,10369.563477,10369.563477,33703098409.0,2020-09-07,353.450256,358.211884,326.254364,352.673492,352.673492,21763614732.0
175,2020-09-08,10369.306641,10414.775391,9945.110352,10131.516602,10131.516602,33430927462.0,2020-09-08,353.202271,355.56286600000004,328.816772,337.60211200000003,337.60211200000003,17991403432.0
176,2020-09-09,10134.151367,10350.542969,10017.250977,10242.347656,10242.347656,24128292755.0,2020-09-09,337.824921,359.16449,332.165009,351.11001600000003,351.11001600000003,14547933520.0
177,2020-09-10,10242.330078,10503.912109,10238.135742,10363.138672,10363.138672,54406443211.0,2020-09-10,351.429321,377.39358500000003,351.11175499999996,368.101898,368.101898,31421134556.0
178,2020-09-11,10369.02832,10434.922852,10140.836914,10400.915039,10400.915039,45201121775.0,2020-09-11,368.1185,376.630402,355.582581,374.695587,374.695587,27296269329.0
179,2020-09-12,10409.861328,10578.837891,10292.386719,10442.170898,10442.170898,36750077324.0,2020-09-12,374.595398,387.538452,367.842194,387.18310499999995,387.18310499999995,13295405814.0
180,2020-09-13,10452.399414,10577.214844,10224.330078,10323.755859,10323.755859,36506852789.0,2020-09-13,387.519287,388.959808,354.340179,365.570007,365.570007,15005899191.0
181,2020-09-14,10328.734375,10800.010742,10266.008789,10680.837891,10680.837891,35453581940.0,2020-09-14,365.699585,384.485199,357.56976299999997,377.26886,377.26886,17536695361.0
182,2020-09-15,10677.754883,10938.631836,10656.459961,10796.951172,10796.951172,32509451925.0,2020-09-15,377.154022,381.50830099999996,363.606812,364.839203,364.839203,16140584321.0
183,2020-09-16,10797.761719,11100.124023,10704.884766,10974.905273,10974.905273,30769986455.0,2020-09-16,364.743988,372.767426,356.682739,365.812286,365.812286,16107612177.0
184,2020-09-17,10973.251953,11037.420898,10774.62793,10948.990234,10948.990234,38151810523.0,2020-09-17,365.86578399999996,393.901611,364.795135,389.019226,389.019226,19899531080.0
185,2020-09-18,10951.820313,11034.908203,10829.657227,10944.585938,10944.585938,26341903912.0,2020-09-18,389.337494,391.904144,376.964996,384.364532,384.364532,14108357740.0
186,2020-09-19,10933.75293,11134.092773,10909.618164,11094.34668,11094.34668,22764204008.0,2020-09-19,384.041656,387.076355,378.72406,385.544373,385.544373,11049507684.0
187,2020-09-20,11095.870117,11095.870117,10814.477539,10938.271484,10938.271484,24699523788.0,2020-09-20,385.597992,385.597992,367.09436,371.052826,371.052826,12292195784.0
188,2020-09-21,10934.925781,10988.304688,10380.260742,10462.259766,10462.259766,28884999244.0,2020-09-21,371.400146,375.73703,336.06897000000004,341.78607200000005,341.78607200000005,17398267133.0
189,2020-09-22,10459.624023,10568.077148,10382.726563,10538.459961,10538.459961,23621787804.0,2020-09-22,341.723816,346.60083,336.85504199999997,344.503174,344.503174,12732578043.0
190,2020-09-23,10539.457031,10637.847656,10185.774414,10225.864258,10225.864258,22986733997.0,2020-09-23,344.622498,345.63559,317.692078,320.58554100000003,320.58554100000003,12047020995.0
191,2020-09-24,10227.479492,10765.794922,10215.205078,10745.548828,10745.548828,23017536742.0,2020-09-24,320.618317,351.46463,318.418976,349.356659,349.356659,13460565701.0
192,2020-09-25,10747.472656,10757.548828,10594.047852,10702.290039,10702.290039,21232549821.0,2020-09-25,349.363129,357.957245,339.350311,352.161865,352.161865,12254269350.0
193,2020-09-26,10702.237305,10778.5,10682.082031,10754.4375,10754.4375,18105012128.0,2020-09-26,352.53125,355.960632,348.129639,354.965271,354.965271,11036752997.0
194,2020-09-27,10752.939453,10804.732422,10643.458008,10774.426758,10774.426758,18016880214.0,2020-09-27,354.587219,362.051361,349.09439100000003,357.321686,357.321686,11464393949.0
195,2020-09-28,10771.641602,10949.123047,10716.676758,10721.327148,10721.327148,22720365389.0,2020-09-28,357.311157,366.89025899999996,354.825134,354.9505,354.9505,12102509266.0
196,2020-09-29,10712.462891,10858.939453,10665.344727,10848.830078,10848.830078,20459870042.0,2020-09-29,354.974823,360.79348799999997,351.819458,359.963409,359.963409,10286529445.0
197,2020-09-30,10845.411133,10856.52832,10689.670898,10787.618164,10787.618164,20759622010.0,2020-09-30,359.942352,361.210327,353.614349,360.02236899999997,360.02236899999997,9773649426.0
198,2020-10-01,10785.010742,10915.84375,10493.552734,10623.330078,10623.330078,27178227816.0,2020-10-01,360.004639,369.286987,347.197937,353.231293,353.231293,12360670278.0
199,2020-10-02,10624.390625,10662.813477,10440.311523,10585.164063,10585.164063,23127839259.0,2020-10-02,353.22018399999996,354.075226,337.35693399999997,346.532654,346.532654,12946215647.0
200,2020-10-03,10583.806641,10614.091797,10527.978516,10565.493164,10565.493164,17094010304.0,2020-10-03,346.502655,351.62793,344.886658,347.321594,347.321594,8599594017.0
201,2020-10-04,10567.919922,10700.791016,10531.342773,10684.428711,10684.428711,17546792792.0,2020-10-04,347.27243,354.25332599999996,345.398712,353.121918,353.121918,9308536486.0
202,2020-10-05,10688.03418,10804.000977,10646.443359,10804.000977,10804.000977,19385191766.0,2020-10-05,353.04580699999997,355.217896,350.197632,354.2771,354.2771,9933790982.0
203,2020-10-06,10799.77832,10803.456055,10565.197266,10621.664063,10621.664063,22264958686.0,2020-10-06,354.137787,355.504059,338.520233,341.02114900000004,341.02114900000004,11497841885.0
204,2020-10-07,10619.803711,10687.268555,10591.963867,10679.136719,10679.136719,17634388529.0,2020-10-07,341.091675,342.591248,335.5336,342.119781,342.119781,10537119715.0
205,2020-10-08,10677.625,10939.799805,10569.823242,10923.62793,10923.62793,21962121001.0,2020-10-08,342.094971,352.800385,336.497101,351.455658,351.455658,11511016796.0
206,2020-10-09,,,,,,,2020-10-09,,,,,,
207,2020-10-10,11059.142578,11442.210938,11056.94043,11296.361328,11296.361328,22877978588.0,2020-10-10,365.402466,378.26715099999996,365.354034,370.96759,370.96759,13618484324.0
208,2020-10-11,11296.082031,11428.813477,11288.62793,11384.181641,11384.181641,19968627060.0,2020-10-11,370.928436,377.246796,369.828033,375.14205899999996,375.14205899999996,12584512533.0
209,2020-10-12,,,,,,,2020-10-12,,,,,,
210,2020-10-13,,,,,,,2020-10-13,,,,,,
211,2020-10-14,11429.047852,11539.977539,11307.831055,11429.506836,11429.506836,24103426719.0,2020-10-14,381.971466,387.296173,374.175018,379.484039,379.484039,13918846567.0
212,2020-10-15,11426.602539,11569.914063,11303.603516,11495.349609,11495.349609,24487233058.0,2020-10-15,379.19223,381.208771,371.35412599999995,377.44183300000003,377.44183300000003,14964182545.0
213,2020-10-16,11502.828125,11540.061523,11223.012695,11322.123047,11322.123047,25635480772.0,2020-10-16,377.8685,380.02151499999997,362.597412,366.22900400000003,366.22900400000003,14670784817.0
214,2020-10-17,11322.123047,11386.261719,11285.345703,11358.101563,11358.101563,19130430174.0,2020-10-17,366.015717,369.768127,364.489014,368.855927,368.855927,10951115359.0
215,2020-10-18,11355.982422,11483.359375,11347.578125,11483.359375,11483.359375,18283314340.0,2020-10-18,368.72753900000004,378.59765600000003,368.12915,378.213684,378.213684,11047103109.0
216,2020-10-19,11495.038086,11799.092773,11408.290039,11742.037109,11742.037109,23860769928.0,2020-10-19,378.469635,383.317657,373.702271,379.935608,379.935608,12811242092.0
217,2020-10-20,11745.974609,11999.917969,11681.480469,11916.334961,11916.334961,30915821592.0,2020-10-20,379.719696,380.761017,367.60107400000004,369.136902,369.136902,13741586582.0
218,2020-10-21,11913.077148,13184.566406,11900.928711,12823.689453,12823.689453,43414712626.0,2020-10-21,369.059418,400.627258,368.72796600000004,392.189972,392.189972,20241324322.0
219,2020-10-22,12801.635742,13161.59375,12717.09375,12965.891602,12965.891602,34729759598.0,2020-10-22,391.488617,420.141663,391.27630600000003,413.77297999999996,413.77297999999996,15772846485.0
220,2020-10-23,12971.548828,13015.961914,12752.647461,12931.539063,12931.539063,28974975003.0,2020-10-23,414.051331,418.95993,403.08203100000003,409.76669300000003,409.76669300000003,14256222052.0
221,2020-10-24,12931.574219,13145.066406,12885.74707,13108.0625,13108.0625,24542317940.0,2020-10-24,409.767242,416.59967,407.851715,412.457611,412.457611,12201739194.0
222,2020-10-25,13108.063477,13329.183594,12910.061523,13031.173828,13031.173828,24406920575.0,2020-10-25,412.45764199999996,417.15921000000003,405.35064700000004,406.217773,406.217773,10890207469.0
223,2020-10-26,13031.201172,13225.297852,12822.382813,13075.248047,13075.248047,29461458313.0,2020-10-26,406.217987,411.279877,383.782898,393.888306,393.888306,15155684229.0
224,2020-10-27,13075.242188,13759.668945,13060.837891,13654.21875,13654.21875,33749878156.0,2020-10-27,393.88818399999997,409.772858,390.608459,403.99703999999997,403.99703999999997,13940434102.0
225,2020-10-28,13654.214844,13837.695313,12932.250977,13271.285156,13271.285156,35867318895.0,2020-10-28,403.997101,408.964752,381.146332,388.650757,388.650757,15276441134.0
226,2020-10-29,13271.298828,13612.047852000002,12980.05957,13437.882813,13437.882813,56499499598.0,2020-10-29,388.651062,393.227692,381.288757,386.730103,386.730103,12920477749.0
227,2020-10-30,13437.874022999998,13651.516602000002,13136.198242,13546.522461000002,13546.522461000002,30581485201.0,2020-10-30,386.730255,391.464722,375.092407,382.819977,382.819977,13688056970.0
228,2020-10-31,13546.532227000002,14028.213866999999,13457.530272999998,13780.995116999999,13780.995116999999,30306464719.0,2020-10-31,382.820038,393.010132,381.295258,386.590332,386.590332,11276963426.0
229,2020-11-01,13780.995116999999,13862.033203,13628.37793,13737.109375,13737.109375,24453857900.0,2020-11-01,386.590332,397.11611899999997,385.165527,396.358185,396.358185,10475146018.0
230,2020-11-02,13737.032227000002,13808.323241999999,13243.160156,13550.489258000001,13550.489258000001,30771455468.0,2020-11-02,396.35598799999997,403.240753,381.01763900000003,383.15673799999996,383.15673799999996,13997574252.0
231,2020-11-03,13550.451172,13984.981445,13325.441406,13950.300781,13950.300781,29869951617.0,2020-11-03,383.156036,389.515381,371.312744,387.602173,387.602173,12588494762.0
232,2020-11-04,13950.488281,14218.766602000002,13580.47168,14133.707031,14133.707031,35116364962.0,2020-11-04,387.60321,407.66564900000003,377.827606,402.141998,402.141998,15126077675.0
233,2020-11-05,14133.733397999998,15706.404297,14102.088866999999,15579.848633000001,15579.848633000001,40856321439.0,2020-11-05,402.142944,417.52594,397.245819,414.067352,414.067352,15440711038.0
234,2020-11-06,15579.729491999999,15903.4375,15226.839844,15565.880859,15565.880859,39837841971.0,2020-11-06,414.066711,456.20062300000006,412.9823,454.71929900000003,454.71929900000003,16738305610.0
235,2020-11-07,15565.880859,15737.095703,14423.203125,14833.753906,14833.753906,35024953706.0,2020-11-07,454.72256500000003,465.675476,428.45635999999996,435.71313499999997,435.71313499999997,18873289788.0
236,2020-11-08,14833.753906,15637.320313,14744.110352000002,15479.567383000001,15479.567383000001,26632075029.0,2020-11-08,435.718811,457.780457,433.15377800000005,453.554779,453.554779,11292383601.0
237,2020-11-09,15479.595703,15785.136719,14865.529297,15332.31543,15332.31543,34149115566.0,2020-11-09,453.574158,457.349609,435.163879,444.163055,444.163055,13704320630.0
238,2020-11-10,15332.350586000002,15450.329102000002,15124.959961000002,15290.902344,15290.902344,25574938143.0,2020-11-10,444.16638200000006,453.75836200000003,439.60012800000004,449.679626,449.679626,12090381666.0
239,2020-11-11,15290.90918,15916.260741999999,15290.006836000002,15701.339844,15701.339844,29772374934.0,2020-11-11,449.679657,473.578857,449.52493300000003,462.96054100000003,462.96054100000003,14075403511.0
240,2020-11-12,15701.298828,16305.003906,15534.771484,16276.34375,16276.34375,34175758344.0,2020-11-12,462.95953399999996,467.677826,452.07241799999997,461.00527999999997,461.00527999999997,12877327234.0
241,2020-11-13,16276.44043,16463.177734,15992.152344,16317.808594,16317.808594,31599492172.0,2020-11-13,461.00549299999994,475.21725499999997,457.29824800000006,474.62643399999996,474.62643399999996,13191505725.0
242,2020-11-14,16317.808594,16317.808594,15749.193359,16068.138672,16068.138672,27481710135.0,2020-11-14,474.62643399999996,475.161438,452.986084,460.14984100000004,460.14984100000004,10312037942.0
243,2020-11-15,16068.139647999998,16123.110352000002,15793.53418,15955.587891,15955.587891,23653867583.0,2020-11-15,460.14990199999994,460.99408,440.25433300000003,447.55908200000005,447.55908200000005,10308617165.0
244,2020-11-16,15955.577147999998,16816.181641,15880.706055,16716.111328,16716.111328,31526766675.0,2020-11-16,447.55899000000005,463.831024,445.501617,459.940308,459.940308,11441239444.0
245,2020-11-17,16685.691406,17782.919922,16564.544922,17645.40625,17645.40625,39006849170.0,2020-11-17,464.40664699999996,482.232208,460.77661100000006,480.36007699999993,480.36007699999993,14593057877.0
246,2020-11-18,17645.191406,18393.949219,17352.90625,17804.005859,17804.005859,49064800278.0,2020-11-18,480.346832,491.999908,465.830963,479.48407000000003,479.48407000000003,17880199224.0
247,2020-11-19,17803.861328,18119.546875,17382.554688,17817.089844,17817.089844,36985055355.0,2020-11-19,479.48101799999995,480.12173499999994,465.704254,471.63043200000004,471.63043200000004,12473929218.0
248,2020-11-20,17817.083984,18773.226563,17765.794922,18621.314453,18621.314453,36992873940.0,2020-11-20,471.63147000000004,513.6103519999999,471.63147000000004,509.74456799999996,509.74456799999996,18629943296.0
249,2020-11-21,18621.316406,18936.621094,18444.359375,18642.232422,18642.232422,39650210707.0,2020-11-21,509.74459800000005,550.227417,504.23776200000003,549.486633,549.486633,20757099184.0
250,2020-11-22,18642.232422,18688.96875,17671.384766,18370.001953,18370.001953,41280434226.0,2020-11-22,549.486633,579.3724980000001,514.517212,558.068115,558.068115,21967049601.0
251,2020-11-23,18370.017578,18711.425781,18000.796875,18364.121094,18364.121094,42741112308.0,2020-11-23,558.0595089999999,609.98761,551.265259,608.454041,608.454041,27272302872.0
252,2020-11-24,18365.015625,19348.271484,18128.65625,19107.464844,19107.464844,51469565009.0,2020-11-24,608.522766,621.173401,593.835144,603.897766,603.897766,23281758100.0
253,2020-11-25,19104.410156,19390.964844,18581.146484,18732.121094,18732.121094,43710357371.0,2020-11-25,603.902039,605.094177,559.671387,570.686646,570.686646,20088492893.0
254,2020-11-26,18729.839844,18866.285156,16351.035156,17150.623047,17150.623047,61396835737.0,2020-11-26,570.5148929999999,575.641479,485.49731399999996,518.801147,518.801147,31104004592.0
255,2020-11-27,17153.914063,17445.023438,16526.423828,17108.402344,17108.402344,38886494645.0,2020-11-27,519.1080929999999,530.777161,497.24261500000006,517.493713,517.493713,16831105703.0
256,2020-11-28,17112.933594,17853.939453,16910.652344,17717.414063,17717.414063,32601040734.0,2020-11-28,517.597351,548.0448610000001,508.12536600000004,538.229797,538.229797,14770243833.0
257,2020-11-29,17719.634766,18283.628906,17559.117188,18177.484375,18177.484375,31133957704.0,2020-11-29,538.264587,576.602417,531.9875490000001,575.758057,575.758057,15017517758.0
258,2020-11-30,18178.322266,19749.263672,18178.322266,19625.835938,19625.835938,47728480399.0,2020-11-30,575.75708,615.24054,571.537781,614.842529,614.842529,20276867833.0
259,2020-12-01,19633.769531,19845.974609,18321.921875,18802.998047,18802.998047,49633658712.0,2020-12-01,615.0703129999999,635.160583,571.753967,587.324158,587.324158,27178964465.0
260,2020-12-02,18801.744141,19308.330078,18347.71875,19201.091797,19201.091797,37387697139.0,2020-12-02,587.2615969999999,604.022461,578.741028,598.352356,598.352356,16883292129.0
261,2020-12-03,19205.925781,19566.191406,18925.785156,19445.398438,19445.398438,31930317405.0,2020-12-03,598.459229,622.452698,588.346375,616.70874,616.70874,16146190946.0
262,2020-12-04,19446.966797,19511.404297,18697.193359,18699.765625,18699.765625,33872388058.0,2020-12-04,616.7227780000001,618.983154,569.283508,569.354187,569.354187,16337589997.0
263,2020-12-05,18698.384766,19160.449219,18590.193359,19154.230469,19154.230469,27242455064.0,2020-12-05,569.3476559999999,596.595459,563.106628,596.595459,596.595459,13498010566.0
264,2020-12-06,19154.179688,19390.5,18897.894531,19345.121094,19345.121094,25293775714.0,2020-12-06,596.568665,606.791931,584.411743,601.908997,601.908997,11290893016.0
265,2020-12-07,19343.128906,19411.828125,18931.142578,19191.630859,19191.630859,26896357742.0,2020-12-07,601.7971190000001,602.917908,585.42865,591.843384,591.843384,10720480962.0
266,2020-12-08,19191.529297,19283.478516,18269.945313,18321.144531,18321.144531,31692288756.0,2020-12-08,591.900818,594.751587,552.469238,554.827759,554.827759,14398919320.0
267,2020-12-09,18320.884766,18626.292969,17935.546875,18553.916016,18553.916016,34420373071.0,2020-12-09,554.792908,577.288391,532.998413,573.479126,573.479126,15855915840.0
268,2020-12-10,18553.298828,18553.298828,17957.064453,18264.992188,18264.992188,25547132265.0,2020-12-10,573.5040280000001,574.600159,549.784058,559.678528,559.678528,11672582040.0
269,2020-12-11,18263.929688,18268.453125,17619.533203,18058.904297,18058.904297,27919640985.0,2020-12-11,559.679199,560.376709,537.811646,545.797363,545.797363,11098819124.0
270,2020-12-12,18051.320313,18919.550781,18046.041016,18803.65625,18803.65625,21752580802.0,2020-12-12,545.578552,573.339417,545.245605,568.567322,568.567322,8534557897.0
271,2020-12-13,18806.765625,19381.535156,18734.332031,19142.382813,19142.382813,25450468637.0,2020-12-13,568.609863,593.78125,564.565979,589.663208,589.663208,9070377862.0
272,2020-12-14,19144.492188,19305.099609,19012.708984,19246.644531,19246.644531,22473997681.0,2020-12-14,589.782471,590.492981,577.118408,586.011169,586.011169,8125837102.0
273,2020-12-15,19246.919922,19525.007813,19079.841797,19417.076172,19417.076172,26741982541.0,2020-12-15,586.02179,596.247742,580.628784,589.355591,589.355591,9326645840.0
274,2020-12-16,19418.818359,21458.908203,19298.316406,21310.597656,21310.597656,44409011479.0,2020-12-16,589.378662,636.64032,582.039124,636.181824,636.181824,15817248373.0
275,2020-12-17,21308.351563,23642.660156,21234.675781,22805.162109,22805.162109,71378606374.0,2020-12-17,636.154175,673.834229,628.7493900000001,642.868958,642.868958,25479532147.0
276,2020-12-18,22806.796875,23238.601563,22399.8125,23137.960938,23137.960938,40387896275.0,2020-12-18,642.9169919999999,662.6990969999999,632.356079,654.811951,654.811951,15756303983.0
277,2020-12-19,23132.865234,24085.855469,22826.472656,23869.832031,23869.832031,38487546580.0,2020-12-19,654.6242070000001,668.769592,646.616211,659.297913,659.297913,12830893778.0
278,2020-12-20,23861.765625,24209.660156,23147.710938,23477.294922,23477.294922,37844228422.0,2020-12-20,659.185059,659.9237059999999,625.0144650000001,638.290833,638.290833,13375855442.0
279,2020-12-21,23474.455078,24059.982422,22159.367188,22803.082031,22803.082031,45852713981.0,2020-12-21,638.315186,646.846558,600.83606,609.817871,609.817871,14419493621.0
280,2020-12-22,22794.039063,23789.902344,22430.605469,23783.029297,23783.029297,44171632681.0,2020-12-22,609.420532,635.076599,589.5520019999999,634.854187,634.854187,14745890080.0
281,2020-12-23,23781.974609,24024.490234,22802.646484,23241.345703,23241.345703,51146161904.0,2020-12-23,634.824585,637.122803,560.3642580000001,583.7146,583.7146,15261413038.0
282,2020-12-24,23240.203125,23768.337891,22777.597656,23735.949219,23735.949219,41080759713.0,2020-12-24,584.13562,613.815186,568.596375,611.607178,611.607178,14317413703.0
283,2020-12-25,23733.570313,24710.101563,23463.673828,24664.791016,24664.791016,42068395846.0,2020-12-25,611.554565,633.0614009999999,605.424438,626.410706,626.410706,13520927700.0
284,2020-12-26,24677.015625,26718.070313,24522.689453,26437.037109,26437.037109,48332647295.0,2020-12-26,626.4980469999999,650.721436,617.4021,635.835815,635.835815,14761125202.0
285,2020-12-27,26439.373047,28288.839844,25922.769531,26272.294922,26272.294922,66479895605.0,2020-12-27,635.887146,711.393555,628.334961,682.642334,682.642334,26093552821.0
286,2020-12-28,26280.822266,27389.111327999995,26207.640625,27084.808594,27084.808594,49056742893.0,2020-12-28,683.205811,745.877747,683.205811,730.397339,730.397339,24222565862.0
287,2020-12-29,27081.810547000005,27370.720702999995,25987.298828,27362.4375,27362.4375,45265946774.0,2020-12-29,730.358704,737.9528809999999,692.149414,731.520142,731.520142,18710683199.0
288,2020-12-30,27360.089844,28937.740233999997,27360.089844,28840.953125,28840.953125,51287442704.0,2020-12-30,731.472839,754.303223,720.988892,751.618958,751.618958,17294574210.0
289,2020-12-31,28841.574219,29244.876952999995,28201.992188,29001.720702999995,29001.720702999995,46754964848.0,2020-12-31,751.626648,754.299438,726.511902,737.803406,737.803406,13926846861.0
290,2021-01-01,28994.009766000003,29600.626952999995,28803.585938,29374.152344,29374.152344,40730301359.0,2021-01-01,737.708374,749.2018429999999,719.792236,730.367554,730.367554,13652004358.0
291,2021-01-02,29376.455077999995,33155.117188,29091.181641000003,32127.267577999995,32127.267577999995,67865420765.0,2021-01-02,730.402649,786.798462,718.1094969999999,774.534973,774.534973,19740771179.0
292,2021-01-03,32129.408202999995,34608.558594,32052.316406,32782.023438,32782.023438,78665235202.0,2021-01-03,774.511841,1006.5650019999999,771.561646,975.50769,975.50769,45200463368.0
293,2021-01-04,32810.949219,33440.21875,28722.755858999997,31971.914063,31971.914063,81163475344.0,2021-01-04,977.058838,1153.189209,912.305359,1040.233032,1040.233032,56945985763.0
294,2021-01-05,31977.041016000003,34437.589844,30221.1875,33992.429688,33992.429688,67547324782.0,2021-01-05,1041.498779,1129.37146,986.8112789999999,1100.0061039999998,1100.0061039999998,41535932781.0
295,2021-01-06,34013.613281,36879.699219,33514.035156,36824.363281,36824.363281,75289433811.0,2021-01-06,1101.005005,1209.428589,1064.233398,1207.112183,1207.112183,44699914188.0
296,2021-01-07,36833.875,40180.367188,36491.191406,39371.042969,39371.042969,84762141031.0,2021-01-07,1208.0783689999998,1282.57959,1167.443115,1225.678101,1225.678101,40468027280.0
297,2021-01-08,39381.765625,41946.738281,36838.636719,40797.609375,40797.609375,88107519480.0,2021-01-08,1225.967896,1273.827515,1076.081543,1224.197144,1224.197144,44334826666.0
298,2021-01-09,40788.640625,41436.351563,38980.875,40254.546875,40254.546875,61984162837.0,2021-01-09,1223.7404789999998,1303.871826,1182.270386,1281.077271,1281.077271,33233105361.0
299,2021-01-10,40254.21875,41420.191406,35984.628906,38356.441406,38356.441406,79980747690.0,2021-01-10,1280.8710939999999,1347.9261470000001,1194.715576,1262.246704,1262.246704,40616938053.0
300,2021-01-11,38346.53125,38346.53125,30549.599608999997,35566.65625,35566.65625,123320567399.0,2021-01-11,1261.622925,1261.622925,924.9226070000001,1090.145386,1090.145386,60733630300.0
301,2021-01-12,35516.359375,36568.527344,32697.976563,33922.960938,33922.960938,74773277909.0,2021-01-12,1088.526733,1149.2402339999999,1012.76416,1043.43457,1043.43457,37494601692.0
302,2021-01-13,33915.121094,37599.960938,32584.667969,37316.359375,37316.359375,69364315979.0,2021-01-13,1043.740967,1134.338501,994.549072,1130.73938,1130.73938,30109792795.0
303,2021-01-14,37325.109375,39966.40625,36868.5625,39187.328125,39187.328125,63615990033.0,2021-01-14,1130.231201,1244.163086,1093.060791,1218.4530029999999,1218.4530029999999,33410915929.0
304,2021-01-15,39156.707031,39577.710938,34659.589844,36825.367188,36825.367188,67760757881.0,2021-01-15,1221.877197,1250.5058589999999,1090.721069,1171.834595,1171.834595,35972039310.0
305,2021-01-16,36821.648438,37864.367188,35633.554688,36178.140625,36178.140625,57706187875.0,2021-01-16,1171.443115,1290.053589,1157.623779,1233.5375980000001,1233.5375980000001,32319240157.0
306,2021-01-17,36163.648438,36722.351563,34069.320313,35791.277344,35791.277344,52359854336.0,2021-01-17,1233.4533689999998,1265.6446529999998,1174.38855,1230.172241,1230.172241,29258032819.0
307,2021-01-18,35792.238281,37299.285156,34883.84375,36630.074219,36630.074219,49511702429.0,2021-01-18,1230.313232,1259.450073,1187.311035,1257.279541,1257.279541,25817455560.0
308,2021-01-19,36642.234375,37755.890625,36069.804688,36069.804688,36069.804688,57244195486.0,2021-01-19,1257.43457,1432.300049,1254.522949,1377.295898,1377.295898,47195935190.0
309,2021-01-20,36050.113281,36378.328125,33570.476563,35547.75,35547.75,66834573161.0,2021-01-20,1375.248413,1405.7441410000001,1243.299927,1382.274048,1382.274048,46784030909.0
310,2021-01-21,35549.398438,35552.679688,30250.75,30825.699219,30825.699219,75643067688.0,2021-01-21,1382.684448,1382.684448,1098.476196,1121.570923,1121.570923,45932464754.0
311,2021-01-22,30817.625,33811.851563,28953.373047000005,33005.761719,33005.761719,77207272511.0,2021-01-22,1118.889038,1271.6876220000001,1046.596558,1236.512207,1236.512207,43918338506.0
312,2021-01-23,32985.757813,33360.976563,31493.160156,32067.642577999995,32067.642577999995,48354737975.0,2021-01-23,1235.267944,1272.151123,1200.893311,1230.990601,1230.990601,27253895441.0
313,2021-01-24,32064.376952999995,32944.007813,31106.685547000005,32289.378906,32289.378906,48643830599.0,2021-01-24,1231.210571,1395.111328,1225.274048,1391.609375,1391.609375,36418163554.0
314,2021-01-25,32285.798827999995,34802.742188,32087.787108999997,32366.392577999995,32366.392577999995,59897054838.0,2021-01-25,1390.639893,1467.7849119999998,1304.973999,1324.414795,1324.414795,43565777745.0
315,2021-01-26,32358.613281,32794.550781,31030.265625,32569.849608999997,32569.849608999997,60255421470.0,2021-01-26,1323.741699,1376.085083,1253.340332,1357.058105,1357.058105,41572917750.0
316,2021-01-27,32564.029297000005,32564.029297000005,29367.138672000005,30432.546875,30432.546875,62576762015.0,2021-01-27,1358.333374,1368.0740970000002,1215.311279,1253.187134,1253.187134,39394416990.0
317,2021-01-28,30441.041016000003,31891.300781,30023.207031,31649.605469,31649.605469,78948162368.0,2021-01-28,1251.279785,1321.6130369999998,1226.17395,1298.101807,1298.101807,39790481941.0
318,2021-01-29,34318.671875,38406.261719,32064.814452999995,34316.386719,34316.386719,117894572511.0,2021-01-29,1369.086792,1428.981201,1292.240112,1382.522827,1382.522827,53611955259.0
319,2021-01-30,34295.933594,34834.707031,32940.1875,34269.523438,34269.523438,65141828798.0,2021-01-30,1382.231934,1402.39978,1328.529053,1376.1154789999998,1376.1154789999998,30616574234.0
320,2021-01-31,34270.878906,34288.332031,32270.175781,33114.359375,33114.359375,52754542671.0,2021-01-31,1376.823608,1378.9160160000001,1288.501587,1314.986206,1314.986206,25198853581.0
321,2021-02-01,33114.578125,34638.214844,32384.228516000003,33537.175781,33537.175781,61400400660.0,2021-02-01,1314.855225,1373.845825,1274.357788,1369.0405269999999,1369.0405269999999,29210670920.0
322,2021-02-02,33533.199219,35896.882813,33489.21875,35510.289063,35510.289063,63088585433.0,2021-02-02,1369.505127,1542.990967,1362.77124,1515.193726,1515.193726,45437142801.0
323,2021-02-03,35510.820313,37480.1875,35443.984375,37472.089844,37472.089844,61166818159.0,2021-02-03,1514.7696529999998,1660.909546,1510.0102539999998,1660.909546,1660.909546,41874566399.0
324,2021-02-04,37475.105469,38592.175781,36317.5,36926.066406,36926.066406,68838074392.0,2021-02-04,1661.170166,1689.186646,1561.8535160000001,1594.762695,1594.762695,44396871836.0
325,2021-02-05,36931.546875,38225.90625,36658.761719,38144.308594,38144.308594,58598066402.0,2021-02-05,1594.793335,1756.510986,1594.793335,1718.6508789999998,1718.6508789999998,40108628454.0
326,2021-02-06,38138.386719,40846.546875,38138.386719,39266.011719,39266.011719,71326033653.0,2021-02-06,1717.797485,1738.3144530000002,1649.068726,1677.846802,1677.846802,39873420648.0
327,2021-02-07,39250.191406,39621.835938,37446.152344,38903.441406,38903.441406,65500641143.0,2021-02-07,1677.6057130000002,1690.0366210000002,1501.7502439999998,1614.227783,1614.227783,39889440151.0
328,2021-02-08,38886.828125,46203.929688,38076.324219,46196.464844,46196.464844,101467222687.0,2021-02-08,1613.642212,1770.59082,1571.579956,1746.616821,1746.616821,48012285956.0
329,2021-02-09,46184.992188,48003.722656,45166.960938,46481.105469,46481.105469,91809846886.0,2021-02-09,1746.926147,1815.963623,1711.620605,1768.035034,1768.035034,44180727529.0
330,2021-02-10,46469.761719,47145.566406,43881.152344,44918.183594,44918.183594,87301089896.0,2021-02-10,1768.039795,1826.6967769999999,1686.542358,1744.2434079999998,1744.2434079999998,41916084617.0
331,2021-02-11,44898.710938,48463.46875,44187.761719,47909.332031,47909.332031,81388911810.0,2021-02-11,1743.714233,1806.539063,1708.679199,1783.7979739999998,1783.7979739999998,36021495262.0
332,2021-02-12,47877.035156,48745.734375,46424.976563,47504.851563,47504.851563,76555041196.0,2021-02-12,1783.489136,1861.356934,1744.168945,1843.532593,1843.532593,37905036865.0
333,2021-02-13,47491.203125,48047.746094,46392.28125,47105.515625,47105.515625,70250456155.0,2021-02-13,1843.986816,1871.6035160000001,1770.612061,1814.109863,1814.109863,35359490535.0
334,2021-02-14,47114.507813,49487.640625,47114.507813,48717.289063,48717.289063,71248675228.0,2021-02-14,1814.372314,1848.1540530000002,1789.914185,1805.0841059999998,1805.0841059999998,31439114900.0
335,2021-02-15,48696.535156,48875.570313,46347.476563,47945.058594,47945.058594,77069903166.0,2021-02-15,1804.6767579999998,1833.830566,1683.906616,1779.7910160000001,1779.7910160000001,38955610883.0
336,2021-02-16,47944.457031,50341.101563,47201.304688,49199.871094,49199.871094,77049582886.0,2021-02-16,1778.945557,1824.518677,1729.641968,1781.067505,1781.067505,34269369268.0
337,2021-02-17,49207.277344,52533.914063,49072.378906,52149.007813,52149.007813,80820545404.0,2021-02-17,1781.3500980000001,1853.667603,1736.705811,1848.458252,1848.458252,35955412703.0
338,2021-02-18,52140.972656,52474.105469,51015.765625,51679.796875,51679.796875,52054723579.0,2021-02-18,1848.206299,1949.9034420000003,1848.206299,1937.449219,1937.449219,28255902969.0
339,2021-02-19,51675.980469,56113.65234400001,50937.277344,55888.132813,55888.132813,63495496918.0,2021-02-19,1938.859863,1969.546997,1896.684448,1960.164795,1960.164795,26268814253.0
340,2021-02-20,55887.335938,57505.226563,54626.55859400001,56099.51953099999,56099.51953099999,68145460026.0,2021-02-20,1959.902954,2036.2864989999998,1830.531494,1919.5340579999997,1919.5340579999997,34696091102.0
341,2021-02-21,56068.56640599999,58330.570313,55672.609375,57539.945313,57539.945313,51897585191.0,2021-02-21,1918.673096,1974.2596440000002,1890.368164,1935.601074,1935.601074,23626547717.0
342,2021-02-22,57532.73828099999,57533.390625,48967.566406,54207.320313,54207.320313,92052420332.0,2021-02-22,1935.557861,1936.453735,1580.626587,1781.99292,1781.99292,42409646036.0
343,2021-02-23,54204.929688,54204.929688,45290.589844,48824.425781,48824.425781,106102492824.0,2021-02-23,1781.4090579999997,1781.4090579999997,1378.840942,1570.203979,1570.203979,52029864713.0
344,2021-02-24,48835.085938,51290.136719,47213.5,49705.332031,49705.332031,63695521388.0,2021-02-24,1571.4764400000001,1710.983765,1511.018921,1626.575684,1626.575684,31329000537.0
345,2021-02-25,49709.082031,51948.96875,47093.851563,47093.851563,47093.851563,54506565949.0,2021-02-25,1625.393921,1670.2241210000002,1465.05896,1475.703735,1475.703735,24481681873.0
346,2021-02-26,47180.464844,48370.785156,44454.84375,46339.761719,46339.761719,350967941479.0,2021-02-26,1478.65332,1559.028931,1407.979248,1446.033691,1446.033691,31435997881.0
347,2021-02-27,46344.773438,48253.269531,45269.027344,46188.453125,46188.453125,45910946382.0,2021-02-27,1446.929443,1524.932373,1433.786987,1459.973145,1459.973145,20742103233.0
348,2021-02-28,46194.015625,46716.429688,43241.617188,45137.769531,45137.769531,53443887451.0,2021-02-28,1459.860474,1468.391479,1300.472168,1416.04895,1416.04895,27637026080.0
349,2021-03-01,45159.503906,49784.015625,45115.09375,49631.242188,49631.242188,53891300112.0,2021-03-01,1417.151123,1567.69458,1416.416138,1564.707642,1564.707642,24032838645.0
350,2021-03-02,49612.105469,50127.511719,47228.84375,48378.988281,48378.988281,47530897720.0,2021-03-02,1564.063477,1597.610107,1461.325439,1492.608765,1492.608765,22523669722.0
351,2021-03-03,48415.816406,52535.136719,48274.320313,50538.242188,50538.242188,53220811975.0,2021-03-03,1491.451172,1650.360596,1481.9057619999999,1575.853149,1575.853149,22674780680.0
352,2021-03-04,50522.304688,51735.089844,47656.929688,48561.167969,48561.167969,52343816680.0,2021-03-04,1574.623779,1622.953857,1511.103394,1541.914307,1541.914307,22906118718.0
353,2021-03-05,48527.03125,49396.429688,46542.515625,48927.304688,48927.304688,48625928883.0,2021-03-05,1541.541748,1547.878174,1450.891357,1533.275024,1533.275024,21067146937.0
354,2021-03-06,48899.230469,49147.21875,47257.527344,48912.382813,48912.382813,34363564661.0,2021-03-06,1532.372803,1669.106567,1519.1411130000001,1654.741577,1654.741577,22746262366.0
355,2021-03-07,48918.679688,51384.367188,48918.679688,51206.691406,51206.691406,43137459378.0,2021-03-07,1655.392456,1730.9241940000002,1636.564453,1723.153809,1723.153809,23809935410.0
356,2021-03-08,51174.117188,52314.070313,49506.054688,52246.523438,52246.523438,48597428048.0,2021-03-08,1724.229248,1835.192139,1670.942017,1834.727905,1834.727905,27630991158.0
357,2021-03-09,52272.96875,54824.117188,51981.832031,54824.117188,54824.117188,50912227385.0,2021-03-09,1835.148071,1868.0488280000002,1804.266357,1868.0488280000002,1868.0488280000002,23461244507.0
358,2021-03-10,54824.01171900001,57258.25390599999,53290.890625,56008.55078099999,56008.55078099999,57295577614.0,2021-03-10,1868.489014,1873.8032230000001,1766.4904789999998,1799.1662600000002,1799.1662600000002,25154173185.0
359,2021-03-11,55963.179688,58091.0625,54484.59375,57805.12109400001,57805.12109400001,56772343595.0,2021-03-11,1798.033936,1843.8188480000001,1734.617065,1826.194946,1826.194946,24013132909.0
360,2021-03-12,57821.21875,57996.62109400001,55376.648438,57332.08984400001,57332.08984400001,55689944702.0,2021-03-12,1826.546753,1839.497314,1728.980957,1772.1024170000003,1772.1024170000003,22435821312.0
361,2021-03-13,57343.37109400001,61683.86328099999,56217.97265599999,61243.085938,61243.085938,60669829814.0,2021-03-13,1772.166382,1937.6455079999998,1733.639893,1924.685425,1924.685425,25014689475.0
362,2021-03-14,61221.132813,61597.91796900001,59302.31640599999,59302.31640599999,59302.31640599999,43901225564.0,2021-03-14,1923.86377,1930.7797850000002,1845.119995,1854.5643309999998,1854.5643309999998,19344589211.0
363,2021-03-15,59267.429688,60540.992188,55393.164063,55907.19921900001,55907.19921900001,66419369890.0,2021-03-15,1854.08667,1889.196655,1749.606323,1791.702271,1791.702271,26244738810.0
364,2021-03-16,55840.78515599999,56833.179688,53555.027344,56804.90234400001,56804.90234400001,59749798599.0,2021-03-16,1792.413818,1817.0601809999998,1720.0532230000001,1806.971802,1806.971802,23828509590.0
365,2021-03-17,56825.828125,58969.81640599999,54528.62890599999,58870.89453099999,58870.89453099999,60258313191.0,2021-03-17,1807.0561519999999,1839.81897,1749.179932,1823.449341,1823.449341,24512917348.0
366,2021-03-18,58893.078125,60116.25,54253.578125,57858.921875,57858.921875,55746041000.0,2021-03-18,1823.1584469999998,1848.646118,1705.716064,1782.855103,1782.855103,23263845504.0
367,2021-03-19,57850.44140599999,59498.375,56643.703125,58346.65234400001,58346.65234400001,49063873786.0,2021-03-19,1782.5687260000002,1841.196045,1746.473389,1817.624146,1817.624146,21249297710.0
368,2021-03-20,58332.26171900001,60031.28515599999,58213.296875,58313.64453099999,58313.64453099999,50361731222.0,2021-03-20,1817.522705,1874.7089839999999,1811.7286379999998,1812.6346440000002,1812.6346440000002,22677674970.0
369,2021-03-21,58309.914063,58767.898438,56005.617188,57523.421875,57523.421875,51943414539.0,2021-03-21,1812.6065670000003,1823.3530269999999,1764.139282,1788.217041,1788.217041,22977404620.0
370,2021-03-22,57517.890625,58471.48046900001,54288.15625,54529.14453099999,54529.14453099999,56521454974.0,2021-03-22,1788.3621829999997,1811.968262,1674.299805,1691.3339839999999,1691.3339839999999,23599296129.0
371,2021-03-23,54511.66015599999,55985.44140599999,53470.695313,54738.945313,54738.945313,56435023914.0,2021-03-23,1690.871826,1725.108765,1662.539917,1678.6501460000002,1678.6501460000002,21998237965.0
372,2021-03-24,54710.48828099999,57262.382813,52514.332031,52774.265625,52774.265625,70567223787.0,2021-03-24,1678.002563,1740.4282230000001,1570.787964,1593.413452,1593.413452,31228051473.0
373,2021-03-25,52726.746094,53392.386719,50856.570313,51704.160156,51704.160156,67999812841.0,2021-03-25,1593.123291,1625.911499,1560.370483,1595.3592529999999,1595.3592529999999,29650328701.0
374,2021-03-26,51683.011719,55137.3125,51579.855469,55137.3125,55137.3125,56652197978.0,2021-03-26,1595.210083,1702.922852,1594.736694,1702.842041,1702.842041,22548516548.0
375,2021-03-27,55137.56640599999,56568.21484400001,54242.91015599999,55973.51171900001,55973.51171900001,47266542233.0,2021-03-27,1703.0361329999998,1732.824341,1674.319336,1716.4946289999998,1716.4946289999998,18102277710.0
376,2021-03-28,55974.94140599999,56610.3125,55071.11328099999,55950.74609400001,55950.74609400001,47686580918.0,2021-03-28,1716.40564,1728.5841059999998,1672.6604,1691.355957,1691.355957,16599472938.0
377,2021-03-29,55947.898438,58342.09765599999,55139.33984400001,57750.19921900001,57750.19921900001,57625587027.0,2021-03-29,1691.263184,1837.187988,1683.7165530000002,1819.684937,1819.684937,22796570548.0
378,2021-03-30,57750.132813,59447.22265599999,57251.55078099999,58917.69140599999,58917.69140599999,54414116432.0,2021-03-30,1819.466309,1860.9747309999998,1793.922363,1846.033691,1846.033691,22512781703.0
379,2021-03-31,58930.27734400001,59930.02734400001,57726.41796900001,58918.83203099999,58918.83203099999,65520826225.0,2021-03-31,1846.098267,1947.8377690000002,1793.0021969999998,1918.362061,1918.362061,30226902621.0
380,2021-04-01,58926.5625,59586.070313,58505.27734400001,59095.80859400001,59095.80859400001,61669163792.0,2021-04-01,1919.157227,1989.055054,1912.1784670000002,1977.276855,1977.276855,30914259795.0
381,2021-04-02,59098.87890599999,60267.1875,58869.28125,59384.3125,59384.3125,58727860620.0,2021-04-02,1976.932739,2152.451904,1960.678711,2143.225586,2143.225586,34862511022.0
382,2021-04-03,59397.41015599999,60110.26953099999,57603.890625,57603.890625,57603.890625,59641344484.0,2021-04-03,2142.895996,2144.962402,2028.422485,2028.422485,2028.422485,32011518871.0
383,2021-04-04,57604.83984400001,58913.74609400001,57168.67578099999,58758.554688,58758.554688,50749662970.0,2021-04-04,2027.671265,2110.353516,2007.111816,2093.122803,2093.122803,26006501902.0
384,2021-04-05,58760.875,59891.296875,57694.82421900001,59057.87890599999,59057.87890599999,60706272115.0,2021-04-05,2093.2607420000004,2140.985352,2032.387695,2107.887207,2107.887207,28889391170.0
385,2021-04-06,59171.93359400001,59479.578125,57646.80859400001,58192.359375,58192.359375,66058027988.0,2021-04-06,2109.493164,2151.223389,2057.6091309999997,2118.378906,2118.378906,29222865881.0
386,2021-04-07,58186.507813,58731.14453099999,55604.023438,56048.9375,56048.9375,75645303584.0,2021-04-07,2117.728516,2133.1875,1945.442139,1971.077271,1971.077271,36116271935.0
387,2021-04-08,56099.914063,58338.73828099999,55879.085938,58323.953125,58323.953125,53053855641.0,2021-04-08,1969.133179,2091.516357,1959.079468,2088.57373,2088.57373,25312956529.0
388,2021-04-09,58326.5625,58937.046875,57807.86328099999,58245.00390599999,58245.00390599999,46655208546.0,2021-04-09,2088.772217,2102.873779,2055.16333,2072.1088870000003,2072.1088870000003,19812472092.0
389,2021-04-10,58253.77734400001,61276.664063,58038.70703099999,59793.234375,59793.234375,58238470525.0,2021-04-10,2071.111572,2196.996338,2062.787598,2135.942139,2135.942139,24986243611.0
390,2021-04-11,59846.23046900001,60790.554688,59289.796875,60204.96484400001,60204.96484400001,46280252580.0,2021-04-11,2136.156982,2165.191406,2119.865723,2157.656982,2157.656982,19692836132.0
391,2021-04-12,60175.945313,61253.03515599999,59589.875,59893.453125,59893.453125,51828688519.0,2021-04-12,2157.361816,2199.71875,2110.368896,2139.353271,2139.353271,21727936609.0
392,2021-04-13,59890.01953099999,63742.28515599999,59869.95703099999,63503.45703099999,63503.45703099999,69983454362.0,2021-04-13,2139.3642579999996,2318.42334,2138.55957,2299.1877440000003,2299.1877440000003,29456642939.0
